paper_id,keywords
10.2174/1872208315666210805152122,COVID-19
10.2174/1872208315666210805152122,epidemiology
10.2174/1872208315666210805152122,non structural proteins
10.2174/1872208315666210805152122,pandemic
10.2174/1872208315666210805152122,pharma-covigilance
10.2174/1872208315666210805152122,SARS-CoV-2
10.2174/1872208315666210805152122,variant
10.1145/3591298,Data Science
10.1145/3591298,Machine Learning
10.1145/3591298,Statistics
10.1145/3591298,Syntax Guided Synthesis
10.1287/ijoc.2021.1106,local search
10.1287/ijoc.2021.1106,metaheuristic
10.1287/ijoc.2021.1106,minimum dominating set
10.1287/ijoc.2021.1106,search space reduction
10.1287/ijoc.2021.1106,vertex weighting
10.11999/JEIT221459,Brain-Computer Interface(BCI)
10.11999/JEIT221459,Brain-inspired intelligence
10.11999/JEIT221459,Experimental paradigm
10.11999/JEIT221459,Spiking Neural Network(SNN)
10.1137/22m1498413,Abstract Positivstellensatz
10.1137/22m1498413,Ordered semiring
10.1137/22m1498413,Real algebra
10.1137/22m1498413,Tropical algebra
10.1137/22m1498413,Vergleichsstellensatz
10.1109/TE.2023.3344314,Higher education
10.1109/TE.2023.3344314,interdisciplinary
10.1109/TE.2023.3344314,leadership
10.1109/TE.2023.3344314,multidisciplinary
10.1109/TE.2023.3344314,PBL
10.1109/TE.2023.3344314,team-based learning
10.1109/TE.2023.3344314,undergraduate
10.1109/TE.2023.3344314,vertically integrated projects (VIP)
10.1016/j.jocs.2020.101203,Message passing libraries
10.1016/j.jocs.2020.101203,MPI
10.1016/j.jocs.2020.101203,MPICH
10.1016/j.jocs.2020.101203,Translational computer science
10.3991/ijet.v18i14.40341,algorithm
10.3991/ijet.v18i14.40341,approaches
10.3991/ijet.v18i14.40341,calculate
10.3991/ijet.v18i14.40341,construction tasks
10.3991/ijet.v18i14.40341,historical view
10.3991/ijet.v18i14.40341,mathematics
10.1007/s13246-023-01306-8,Electron density
10.1007/s13246-023-01306-8,Electron-density heterogeneity correction
10.1007/s13246-023-01306-8,Non-linear least squares regression
10.1007/s13246-023-01306-8,Radiological properties
10.1007/s13246-023-01306-8,Radiotherapy
10.1002/nme.7008,boundary representation
10.1002/nme.7008,finite element methods
10.1002/nme.7008,foam
10.1002/nme.7008,material science
10.1002/nme.7008,tomography
10.1016/j.jbi.2023.104305,Clinical practice guidelines
10.1016/j.jbi.2023.104305,Computer-interpretable clinical guidelines
10.1016/j.jbi.2023.104305,Decision-support systems
10.1016/j.jbi.2023.104305,Evidence-based medicine
10.1016/j.jbi.2023.104305,FHIR
10.3390/ijerph192214821,bibliometric analysis
10.3390/ijerph192214821,older adults
10.3390/ijerph192214821,scientometric analysis
10.3390/ijerph192214821,smart home
10.3390/ijerph192214821,VOSviewer
10.1515/jib-2022-0031,accessible
10.1515/jib-2022-0031,findable
10.1515/jib-2022-0031,integrations for data analysis
10.1515/jib-2022-0031,interoperable and reusable (FAIR)
10.1515/jib-2022-0031,open research data (ORD)
10.1515/jib-2022-0031,workflow
10.1016/j.actaastro.2021.04.043,Analytical
10.1016/j.actaastro.2021.04.043,Orbital elements
10.1016/j.actaastro.2021.04.043,Spacecraft dynamics
10.1016/j.actaastro.2021.04.043,Spacecraft formation flying
10.1016/j.actaastro.2021.04.043,Spacecraft relative motion
10.1109/TLT.2023.3289498,Adaptive learning
10.1109/TLT.2023.3289498,attention monitoring
10.1109/TLT.2023.3289498,distance learning
10.1109/TLT.2023.3289498,electroencephalography (EEG)
10.1109/TLT.2023.3289498,intelligent tutoring systems
10.1109/TLT.2023.3289498,learning management systems
10.1109/TLT.2023.3289498,online learning
10.1109/TLT.2022.3144442,Automatic assessment tools
10.1109/TLT.2022.3144442,computer science education
10.1109/TLT.2022.3144442,creativity
10.1109/TLT.2022.3144442,distances
10.1109/TLT.2022.3144442,scratch
10.1002/cae.22729,digital systems
10.1002/cae.22729,distance learning
10.1002/cae.22729,interactive
10.1002/cae.22729,virtual laboratory
10.1002/cae.22729,web-based
10.1109/ACCESS.2023.3297266,action unit detection
10.1109/ACCESS.2023.3297266,Affective computing
10.1109/ACCESS.2023.3297266,facial expression recognition
10.1097/MS9.0000000000000203,case series
10.1097/MS9.0000000000000203,neuropathology
10.1097/MS9.0000000000000203,SARS-CoV-2
10.1109/ACCESS.2023.3289301,aperture antennas
10.1109/ACCESS.2023.3289301,Near field analysis
10.1109/ACCESS.2023.3289301,physical optics
10.1109/ACCESS.2023.3289301,spatial-frequency characteristics
10.1109/ACCESS.2023.3289301,ultra-wideband antennas
10.1016/j.nedt.2022.105377,eLearning
10.1016/j.nedt.2022.105377,Face-to-face learning
10.1016/j.nedt.2022.105377,Health care professions
10.1016/j.nedt.2022.105377,Hematology
10.1016/j.nedt.2022.105377,Human pathophysiology
10.1016/j.nedt.2022.105377,Nursing
10.1016/j.nedt.2022.105377,Technology enhanced learning
10.46298/LMCS-18(1:16)2022,Finite model theory
10.46298/LMCS-18(1:16)2022,Finitely additive measures
10.46298/LMCS-18(1:16)2022,Formal languages
10.46298/LMCS-18(1:16)2022,Logic on words
10.46298/LMCS-18(1:16)2022,Stone duality
10.46298/LMCS-18(1:16)2022,Structural limits
10.1002/cpz1.443,deep learning
10.1002/cpz1.443,light sheet
10.1002/cpz1.443,segmentation
10.1002/cpz1.443,vasculature
10.1002/cpz1.443,zebrafish
10.1109/TLT.2023.3288363,E-learning
10.1109/TLT.2023.3288363,learning management systems (LMS)
10.1109/TLT.2023.3288363,modular object-oriented dynamic learning environment (Moodle)
10.1109/TLT.2023.3288363,social network analysis (SNA)
10.1109/TLT.2023.3288363,trust model (TM)
10.1109/TLT.2023.3288363,virtual learning communities (VLCs)
10.1145/3631974,AI and software engineering
10.1145/3631974,Automatic program repair
10.1145/3631974,deep learning
10.1145/3631974,neural machine translation
10.1016/j.csbj.2021.12.028,Breast cancer
10.1016/j.csbj.2021.12.028,Convolutional neural network
10.1016/j.csbj.2021.12.028,H&E-stained histological images
10.1016/j.csbj.2021.12.028,HER2
10.1016/j.csbj.2021.12.028,Recurrence
10.14569/IJACSA.2023.0140887,butterfly fire algorithm
10.14569/IJACSA.2023.0140887,clustering coefficient
10.14569/IJACSA.2023.0140887,detection of communities
10.14569/IJACSA.2023.0140887,Social network
10.1109/TDSC.2023.3298905,API event
10.1109/TDSC.2023.3298905,Behavioral sciences
10.1109/TDSC.2023.3298905,dynamic heterogeneous graph
10.1109/TDSC.2023.3298905,Hidden Markov models
10.1109/TDSC.2023.3298905,inverse reinforcement learning
10.1109/TDSC.2023.3298905,Malware
10.1109/TDSC.2023.3298905,malware attack foretelling
10.1109/TDSC.2023.3298905,proactively preventing
10.1109/TDSC.2023.3298905,Real-time systems
10.1109/TDSC.2023.3298905,Reinforcement learning
10.1109/TDSC.2023.3298905,Semantics
10.1109/TDSC.2023.3298905,Sensitivity
10.1007/s12517-021-07015-4,Dynamic optimization
10.1007/s12517-021-07015-4,Emergency escape
10.1007/s12517-021-07015-4,Human-computer interaction
10.1007/s12517-021-07015-4,Mixed reality
10.1007/s12517-021-07015-4,Underground mines
10.1007/s12652-022-04486-5,Acceptance
10.1007/s12652-022-04486-5,Interdisciplinary project
10.1007/s12652-022-04486-5,Lifelogging applications
10.1007/s12652-022-04486-5,Privacy
10.1109/OJCOMS.2023.3313352,5G and beyond
10.1109/OJCOMS.2023.3313352,deep reinforcement learning (DRL)
10.1109/OJCOMS.2023.3313352,Internet of Things (IoT)
10.1109/OJCOMS.2023.3313352,intrusion detection system (IDS)
10.23750/abm.v93i1.11862,allergy
10.23750/abm.v93i1.11862,anaphylaxis
10.23750/abm.v93i1.11862,cardiac arrest
10.23750/abm.v93i1.11862,coronary disease
10.23750/abm.v93i1.11862,Kounis syndrome
10.1109/TE.2023.3241099,Active learning
10.1109/TE.2023.3241099,computer-based instruction
10.1109/TE.2023.3241099,educational technology
10.1109/TE.2023.3241099,game-based learning (GBL)
10.1109/TE.2023.3241099,online learning
10.1109/TE.2023.3241099,serious games
10.1109/TE.2023.3241099,teacher-authored games
10.1007/s00607-021-01007-8,Centroid classifier
10.1007/s00607-021-01007-8,Internet of Things
10.1007/s00607-021-01007-8,IoT
10.1007/s00607-021-01007-8,N-gram
10.1007/s00607-021-01007-8,Service discovery
10.1007/s00607-021-01007-8,Support vector machine
10.1007/s00607-021-01007-8,Text categorization
10.3389/fphy.2022.914578,integer factorization
10.3389/fphy.2022.914578,multiplication table
10.3389/fphy.2022.914578,quantum annealing
10.3389/fphy.2022.914578,QUBO
10.3389/fphy.2022.914578,RSA public key cryptography
10.1073/pnas.2206233119,automobility
10.1073/pnas.2206233119,confluence
10.1073/pnas.2206233119,re-configuration
10.1073/pnas.2206233119,system
10.1073/pnas.2206233119,transition
10.1109/TC.2021.3097174,consistency testing
10.1109/TC.2021.3097174,Dark instruction
10.1109/TC.2021.3097174,RISC processor
10.1109/TC.2021.3097174,vulnerability
10.1007/s12652-019-01573-y,ADL
10.1007/s12652-019-01573-y,Classification
10.1007/s12652-019-01573-y,Embedded architecture
10.1007/s12652-019-01573-y,Fall detection
10.1016/j.compeleceng.2021.107047,Behaviour profiling
10.1016/j.compeleceng.2021.107047,Classification
10.1016/j.compeleceng.2021.107047,Connected cars
10.1016/j.compeleceng.2021.107047,Cybersecurity threat
10.1016/j.compeleceng.2021.107047,Driver identification
10.1016/j.compeleceng.2021.107047,GPS
10.1016/j.compeleceng.2021.107047,Incident response
10.1016/j.compeleceng.2021.107047,Machine learning
10.1016/j.compeleceng.2021.107047,Random forest
10.1007/s00779-019-01301-5,Event
10.1007/s00779-019-01301-5,Scientific literature
10.1007/s00779-019-01301-5,Summarization
10.1007/s00779-019-01301-5,Text analysis
10.1007/s10586-021-03455-5,Advanced resource connector
10.1007/s10586-021-03455-5,ARCHERY
10.1007/s10586-021-03455-5,Distributed computing
10.1007/s10586-021-03455-5,Domain Name System
10.1007/s10586-021-03455-5,e-Science
10.1007/s10586-021-03455-5,Information system
10.1007/s10586-021-03455-5,Service endpoint registry
10.1007/s10586-021-03455-5,WLCG
10.1186/s40623-022-01743-x,GNSS
10.1186/s40623-022-01743-x,Ionosphere
10.1186/s40623-022-01743-x,Low cost
10.1186/s40623-022-01743-x,Monitor
10.1186/s40623-022-01743-x,Raspberry pi
10.1186/s40623-022-01743-x,Scintillation
10.1186/s40623-022-01743-x,Scintpi
10.1186/s40623-022-01743-x,TEC
10.1186/s40623-022-01743-x,Total electron content
10.1016/j.cities.2023.104481,Artificial intelligence
10.1016/j.cities.2023.104481,Big data
10.1016/j.cities.2023.104481,City brand influence
10.1016/j.cities.2023.104481,Computational social science
10.1016/j.cities.2023.104481,Evolutionary dynamics
10.1016/j.cities.2023.104481,Global city
10.1007/s00453-019-00666-6,Adaptive sampling
10.1007/s00453-019-00666-6,Evolutionary algorithms
10.1007/s00453-019-00666-6,Noisy optimization
10.1007/s00453-019-00666-6,Population
10.1007/s00453-019-00666-6,Running time analysis
10.1007/s00453-019-00666-6,Sampling
10.1109/ACCESS.2023.3327325,avalanche breakdown
10.1109/ACCESS.2023.3327325,entropy source
10.1109/ACCESS.2023.3327325,open-source hardware
10.1109/ACCESS.2023.3327325,Random number generator
10.1109/ACCESS.2023.3327325,reverse-biased diode
10.1016/j.eurox.2023.100252,Antenatal care
10.1016/j.eurox.2023.100252,Postpartum women
10.1016/j.eurox.2023.100252,Satisfaction
10.1097/MED.0000000000000821,bone strength
10.1097/MED.0000000000000821,bone tissue material properties
10.1097/MED.0000000000000821,near infrared spectroscopy
10.1016/j.tcs.2020.11.050,Cover relation
10.1016/j.tcs.2020.11.050,Enabling cover relation
10.1016/j.tcs.2020.11.050,Enabling equivalence
10.1016/j.tcs.2020.11.050,Exact cover relation
10.1016/j.tcs.2020.11.050,Functional equivalence
10.1016/j.tcs.2020.11.050,Lattice
10.1016/j.tcs.2020.11.050,Reaction
10.1016/j.tcs.2020.11.050,Reaction system
10.1145/3476035,architecture
10.1145/3476035,autocad
10.1145/3476035,computer-aided design
10.1145/3476035,emulation
10.1145/3476035,pedagogy
10.1145/3476035,software history
10.1017/S096012952300004X,Alternating direction method of multipliers
10.1017/S096012952300004X,convex optimization
10.1017/S096012952300004X,expected convergence rate
10.1017/S096012952300004X,high probability bound
10.1017/S096012952300004X,machine learning
10.1017/S096012952300004X,stochastic approximation
10.1002/mma.9575,Clifford geometric algebra
10.1002/mma.9575,computing
10.1002/mma.9575,control
10.1002/mma.9575,data processing
10.1002/mma.9575,electric engineering
10.1002/mma.9575,geometry
10.1002/mma.9575,image and signal processing
10.1002/mma.9575,mathematics
10.1002/mma.9575,medical science
10.1002/mma.9575,neural networks
10.1002/mma.9575,physics
10.1002/mma.9575,quantum computing
10.1002/mma.9575,robotics
10.1002/mma.9575,software
10.1002/mma.9575,surface representations
10.1016/j.forsciint.2023.111744,BOD
10.1016/j.forsciint.2023.111744,DNA
10.1016/j.forsciint.2023.111744,EDNA
10.1016/j.forsciint.2023.111744,EDNA detection device
10.1016/j.forsciint.2023.111744,Effluent
10.1016/j.forsciint.2023.111744,Influent
10.1016/j.forsciint.2023.111744,Missing persons
10.1016/j.forsciint.2023.111744,Persistence
10.1016/j.forsciint.2023.111744,Persons of Interest
10.1016/j.forsciint.2023.111744,Sewer system
10.1016/j.forsciint.2023.111744,Wastewater
10.1016/j.forsciint.2023.111744,WWTP
10.12989/sem.2023.85.3.393,artificial intelligence
10.12989/sem.2023.85.3.393,mathematical modeling
10.12989/sem.2023.85.3.393,piezoelectric materials
10.12989/sem.2023.85.3.393,problem-solving
10.12989/sem.2023.85.3.393,smart problem
10.1016/j.psep.2021.09.028,BDLA risk management
10.1016/j.psep.2021.09.028,Blockade and defense level analysis
10.1016/j.psep.2021.09.028,Cybersecurity risk assessment
10.1016/j.psep.2021.09.028,Enhanced security control
10.1016/j.psep.2021.09.028,IT risk management
10.19540/j.cnki.cjcmm.20221025.501,Angong Niuhuang Pills
10.19540/j.cnki.cjcmm.20221025.501,bibliometrics
10.19540/j.cnki.cjcmm.20221025.501,CiteSpace
10.19540/j.cnki.cjcmm.20221025.501,research status
10.1080/03610918.2019.1672738,D-optimality
10.1080/03610918.2019.1672738,Information matrix
10.1080/03610918.2019.1672738,Mixture of Bernoulli distributions
10.7717/peerj.17006,Attention-based neural network
10.7717/peerj.17006,Cell subtype classification
10.7717/peerj.17006,Cloud system
10.7717/peerj.17006,Deep learning-based framework
10.7717/peerj.17006,Self attention
10.7717/peerj.17006,Single-cell multi-omics
10.7717/peerj.17006,Web platform
,axillary dissection
,breast cancer
,metastasis
10.1145/3522689,Computer Science
10.1145/3522689,Diagram understanding
10.1145/3522689,topology
10.3233/JAD-220861,Older adults
10.3233/JAD-220861,PET brain scan
10.3233/JAD-220861,qualitative interviews
10.3233/JAD-220861,recruitment science
10.3233/JAD-220861,study design
10.1097/MD.0000000000026401,Hemodialysis
10.1097/MD.0000000000026401,Meta-analysis
10.1097/MD.0000000000026401,Non-pharmacological intervention
10.1097/MD.0000000000026401,Protocol
10.1097/MD.0000000000026401,Sleep
10.1016/j.energy.2021.120842,Computational methods
10.1016/j.energy.2021.120842,Computer science
10.1016/j.energy.2021.120842,Deep learning
10.1016/j.energy.2021.120842,Engineering science and mechanics
10.1016/j.energy.2021.120842,Sustainable energy
10.1016/j.energy.2021.120842,Wind engineering
10.1109/TC.2022.3224377,Computer arithmetic
10.1109/TC.2022.3224377,quality analysis and evaluation
10.1109/TC.2022.3224377,stochastic analysis
10.1109/TC.2022.3224377,tracing
10.1109/TC.2022.3224377,visualization techniques and methodologies
10.1093/toxsci/kfab013,Children’s environmental health
10.1093/toxsci/kfab013,Developmental and reproductive toxicity testing
10.1093/toxsci/kfab013,High-throughput screening
10.1093/toxsci/kfab013,In silico modeling
10.1093/toxsci/kfab013,In vitro profiling
10.1093/toxsci/kfab013,New approach methodologies (NAMs)
10.1093/toxsci/kfab013,Pediatric health
10.1109/THMS.2023.3327145,Classification
10.1109/THMS.2023.3327145,cybernetics
10.1109/THMS.2023.3327145,human–machine systems
10.1109/THMS.2023.3327145,manual control
10.1109/THMS.2023.3327145,neural networks
10.1007/s00414-020-02305-0,3D technology
10.1007/s00414-020-02305-0,Crania
10.1007/s00414-020-02305-0,Digital documentation
10.1007/s00414-020-02305-0,Forensic anthropology
10.1007/s00414-020-02305-0,Forensic science
10.1007/s00414-020-02305-0,Photogrammetry
10.1007/s00414-020-02305-0,Sex assessment
10.1145/3451345,Black
10.1145/3451345,computing
10.1145/3451345,girls
10.1145/3451345,intersectionality
10.1145/3451345,Latina
10.1145/3451345,STEM
10.1145/3451345,transformative justice
10.1145/3451345,women
10.1186/s12962-022-00381-0,Computed tomography
10.1186/s12962-022-00381-0,Pulmonologist
10.1186/s12962-022-00381-0,Radiography
10.1186/s12962-022-00381-0,Radiology
10.1186/s12962-022-00381-0,Thorax
10.1080/08874417.2020.1783724,academic citations
10.1080/08874417.2020.1783724,Researcher’s success
10.1080/08874417.2020.1783724,scholarly communication
10.1080/08874417.2020.1783724,social media
10.1080/08874417.2020.1783724,social networking sites
10.1016/j.asoc.2022.108441,Acquired Brain Injury
10.1016/j.asoc.2022.108441,Adaptation
10.1016/j.asoc.2022.108441,Evolutionary computing
10.1016/j.asoc.2022.108441,Experimentation
10.1016/j.asoc.2022.108441,Feature Model
10.1016/j.asoc.2022.108441,Genetic algorithm
10.1016/j.asoc.2022.108441,Telerehabilitation
10.1016/j.asoc.2022.108441,User model
10.1016/j.jseint.2023.02.008,Anatomical TSR
10.1016/j.jseint.2023.02.008,Basic Science Study
10.1016/j.jseint.2023.02.008,Computer Modeling
10.1016/j.jseint.2023.02.008,Cortical bone
10.1016/j.jseint.2023.02.008,Freehand
10.1016/j.jseint.2023.02.008,Glenoid loosening
10.1016/j.jseint.2023.02.008,Preoperative planning
10.1016/j.jseint.2023.02.008,Subchondral bone
10.2196/36762,algorithm
10.2196/36762,coding
10.2196/36762,computer programming
10.2196/36762,data science
10.2196/36762,digital biomarkers
10.2196/36762,digital medicine
10.2196/36762,gait
10.2196/36762,gait analysis
10.2196/36762,human movement analysis
10.2196/36762,machine learning
10.2196/36762,mobility
10.2196/36762,movement
10.2196/36762,open source
10.2196/36762,physical activity
10.2196/36762,Python
10.2196/36762,sensor
10.2196/36762,sleep
10.2196/36762,software package
10.2196/36762,uHealth
10.2196/36762,wearable
10.2196/36762,wearable sensors
10.1093/gbe/evad213,balanced minimum evolution
10.1093/gbe/evad213,distance matrix
10.1093/gbe/evad213,gradient descent
10.1093/gbe/evad213,phylogenetic inference
10.14733/CADAPS.2022.S3.33-44,Artistic design
10.14733/CADAPS.2022.S3.33-44,Computer aided design
10.14733/CADAPS.2022.S3.33-44,Intelligent computer
10.14733/CADAPS.2022.S3.33-44,Web interpolation
10.1142/S0218126623501207,data science
10.1142/S0218126623501207,dimensionality reduction
10.1142/S0218126623501207,ensemble model
10.1142/S0218126623501207,machine learning
10.1142/S0218126623501207,Parkinson's disease
10.1142/S0218126623501207,Speech data
10.1142/S0218126623501207,voting classi¯er
10.1016/j.soildyn.2021.107129,Building vulnerability
10.1016/j.soildyn.2021.107129,Gaziantep
10.1016/j.soildyn.2021.107129,Ground motion simulation
10.1016/j.soildyn.2021.107129,Regional velocity model
10.1016/j.soildyn.2021.107129,Seismic damage
10.1016/j.soildyn.2021.107129,Seismic hazard
10.1016/j.soildyn.2021.107129,Turkey
10.1002/cpe.7944,AMD GPU
10.1002/cpe.7944,code optimization
10.1002/cpe.7944,cross compilation
10.1002/cpe.7944,Kokkos
10.1002/cpe.7944,Nvidia GPU
10.1109/TDSC.2022.3194127,behavior-based worm detection
10.1109/TDSC.2022.3194127,Internet worm
10.1109/TDSC.2022.3194127,mirai worm
10.1109/TDSC.2022.3194127,smart worm
10.1109/TDSC.2022.3194127,worm detection
10.1109/TIM.2022.3196319,Autonomous perception
10.1109/TIM.2022.3196319,computer vision
10.1109/TIM.2022.3196319,global-local feature enhanced
10.1109/TIM.2022.3196319,rotated object detector
10.1109/TIM.2022.3196319,unmanned aerial vehicles (UAVs)
10.1145/3427380,citizen science
10.1145/3427380,digital humanities
10.1145/3427380,educational video games
10.1145/3427380,Gamification
10.1145/3427380,participatory design
10.1145/3427380,social innovation
10.1080/02286203.2022.2155774,conservation law
10.1080/02286203.2022.2155774,homotopy
10.1080/02286203.2022.2155774,invariant transformations
10.1080/02286203.2022.2155774,Lie symmetry
10.1080/02286203.2022.2155774,spectral method
10.1007/s11042-023-17535-8,21st-century abilities
10.1007/s11042-023-17535-8,Data science applications in education
10.1007/s11042-023-17535-8,Human–computer interface
10.1007/s11042-023-17535-8,Teaching/learning strategies
10.1109/TIFS.2022.3208815,data provenance
10.1109/TIFS.2022.3208815,graph neural network
10.1109/TIFS.2022.3208815,Host-based intrusion detection
10.1109/TIFS.2022.3208815,multimodel framework
10.1109/TIFS.2023.3318969,Android OS
10.1109/TIFS.2023.3318969,machine learning
10.1109/TIFS.2023.3318969,Malware detection
10.1109/TIFS.2023.3318969,security
10.1002/elps.202300169,computer vision
10.1002/elps.202300169,forensics
10.1002/elps.202300169,kinship verification
10.1002/elps.202300169,paternity test
10.1002/elps.202300169,short tandem repeats
10.1002/fam.3080,analytical expressions
10.1002/fam.3080,clear height
10.1002/fam.3080,compartment fire
10.1002/fam.3080,mathematical aspects
10.1002/fam.3080,tenability
10.1002/fam.3080,zone model
10.3390/ijerph19010026,Citation network
10.3390/ijerph19010026,CitNetExplorer
10.3390/ijerph19010026,Neurorehabilitation
10.3390/ijerph19010026,New technologies
10.1016/j.xpro.2022.101272,Computer sciences
10.1016/j.xpro.2022.101272,Energy
10.1016/j.xpro.2022.101272,Material sciences
10.1016/j.xpro.2022.101272,Physics
10.1109/EMR.2023.3304121,Applications
10.1109/EMR.2023.3304121,edge networks
10.1109/EMR.2023.3304121,emerging technologies
10.1109/EMR.2023.3304121,visual Internet of Things (VIoT)
10.1021/acs.est.3c04214,decision support
10.1021/acs.est.3c04214,hybrid neural network
10.1021/acs.est.3c04214,interpretable ML
10.1021/acs.est.3c04214,machine learning
10.1021/acs.est.3c04214,physics-informed ML
10.1021/acs.est.3c04214,waste management
10.1016/j.compind.2021.103592,CNC machine
10.1016/j.compind.2021.103592,Digital manufacturing
10.1016/j.compind.2021.103592,Network science
10.1016/j.compind.2021.103592,Pairwise comparison
10.1016/j.compind.2021.103592,Product development
10.1016/j.compind.2021.103592,QFD
10.1109/JSEN.2023.3297205,Anomaly detection
10.1109/JSEN.2023.3297205,computer vision
10.1109/JSEN.2023.3297205,embedded systems
10.1109/JSEN.2023.3297205,intelligent sensors
10.1109/JSEN.2023.3297205,smart junctions
10.1109/JSEN.2023.3297205,surveillance systems
10.7754/Clin.Lab.2021.210543,25 (OH) vitamin D
10.7754/Clin.Lab.2021.210543,COVID-19
10.7754/Clin.Lab.2021.210543,length of hospital stay
10.1016/j.neunet.2023.08.002,Fairness
10.1016/j.neunet.2023.08.002,Graph neural network
10.1016/j.neunet.2023.08.002,Link prediction
10.1016/j.eclinm.2024.102471,Chemoradiotherapy
10.1016/j.eclinm.2024.102471,Esophageal cancer
10.1016/j.eclinm.2024.102471,Immunotherapy
10.1016/j.eclinm.2024.102471,Radiosensitivity
10.1109/ACCESS.2022.3185109,Formal verification
10.1109/ACCESS.2022.3185109,model checking
10.1109/ACCESS.2022.3185109,procedural content generation
10.1109/ACCESS.2022.3185109,puzzle games
10.1109/ACCESS.2022.3185109,video game description language
10.1016/j.eswa.2023.122091,Autocorrelated errors
10.1016/j.eswa.2023.122091,Interaction network
10.1016/j.eswa.2023.122091,Multilevel wavelet decomposition
10.1016/j.eswa.2023.122091,Stock price prediction
10.1016/j.compeleceng.2021.107021,Communicating things
10.1016/j.compeleceng.2021.107021,Energy-efficiency
10.1016/j.compeleceng.2021.107021,Group communication
10.1016/j.compeleceng.2021.107021,Memory complexity
10.1016/j.compeleceng.2021.107021,Message-passing
10.1016/j.compeleceng.2021.107021,Rekeying
10.1016/j.compeleceng.2021.107021,Security
10.1134/S0001433822030082,climate modeling
10.1134/S0001433822030082,eddy moisture flux
10.1134/S0001433822030082,extratropical cyclones
10.1134/S0001433822030082,INM-СМ5
10.1134/S0001433822030082,storm tracks
10.1134/S0001433822030082,stratosphere–troposphere dynamic coupling
10.1134/S0001433822030082,stratospheric polar vortex
10.1109/TVLSI.2023.3298327,Circuit/system codesign
10.1109/TVLSI.2023.3298327,magnetic tunnel junction (MTJ)
10.1109/TVLSI.2023.3298327,Monte Carlo
10.1109/TVLSI.2023.3298327,true random number generator (TRNG)
10.1177/03611981241230540,artificial intelligence
10.1177/03611981241230540,data and data science
10.1177/03611981241230540,deep learning
10.1177/03611981241230540,machine vision
10.1177/03611981241230540,neural networks
10.1177/03611981241230540,safety
10.1177/03611981241230540,vehicle technologies
10.11897/SP.J.1016.2022.02093,Colorings
10.11897/SP.J.1016.2022.02093,Gibbs measure
10.11897/SP.J.1016.2022.02093,Ising model
10.11897/SP.J.1016.2022.02093,Sampling algorithm
10.11897/SP.J.1016.2022.02093,Spin systems
10.1109/TCSII.2021.3052172,event-based artificial neural networks (event-based ANN)
10.1109/TCSII.2021.3052172,Leaky integrate-and-fire (LIF) model
10.1109/TCSII.2021.3052172,network on chip (NoC)
10.1109/TCSII.2021.3052172,neuromorphic systems
10.1109/TCSII.2021.3052172,spiking neural network (SNN)
10.1016/j.xpro.2022.101481,Bioinformatics
10.1016/j.xpro.2022.101481,Cognitive Neuroscience
10.1016/j.xpro.2022.101481,Computer sciences
10.1016/j.xpro.2022.101481,Systems biology
10.1016/j.cognition.2022.105196,Context
10.1016/j.cognition.2022.105196,Perception
10.1016/j.cognition.2022.105196,Prevalence
10.1016/j.cognition.2022.105196,Reference dependence
10.1016/j.cognition.2022.105196,Social cognition
10.3390/atmos13060928,biometeorological indices
10.3390/atmos13060928,citizen scientists
10.3390/atmos13060928,climatological observations
10.3390/atmos13060928,meteorological network
10.3390/atmos13060928,weather data
10.3390/atmos13060928,WRF data assimilation
10.1109/TE.2020.3016593,Computer science
10.1109/TE.2020.3016593,experience report
10.1109/TE.2020.3016593,flipped classroom (FC)
10.1109/TE.2020.3016593,inverted classroom
10.1109/TE.2020.3016593,laboratory
10.1109/TE.2020.3016593,undergraduate
10.1177/20514158211023708,basic science
10.1177/20514158211023708,Benign prostate disorders
10.1177/20514158211023708,oncology (bladder)
10.1177/20514158211023708,oncology (prostate)
10.1177/20514158211023708,other
10.1016/j.measen.2023.100922,Artificial intelligence
10.1016/j.measen.2023.100922,Model predictive control
10.1016/j.measen.2023.100922,Sports intelligent learning
10.1016/j.measen.2023.100922,System feedback delay
10.1007/s12530-020-09327-4,Hierarchical singly-linked lists
10.1007/s12530-020-09327-4,Learning automata
10.1007/s12530-020-09327-4,Object migration automaton
10.1007/s12530-020-09327-4,“Adaptive” data structures
10.1167/iovs.65.1.17,color vision
10.1167/iovs.65.1.17,computational modeling
10.1167/iovs.65.1.17,contrast sensitivity
10.1167/iovs.65.1.17,factor analysis
10.1167/iovs.65.1.17,spatial vision
10.1109/TIFS.2022.3198860,Computer science
10.1109/TIFS.2022.3198860,Consensus protocol
10.1109/TIFS.2022.3198860,Distributed ledger
10.1109/TIFS.2022.3198860,Hospitals
10.1109/TIFS.2022.3198860,Protocols
10.1109/TIFS.2022.3198860,Robustness
10.1109/TIFS.2022.3198860,Scalability
10.1080/10426914.2022.2116034,3D-Printing
10.1080/10426914.2022.2116034,air
10.1080/10426914.2022.2116034,complex
10.1080/10426914.2022.2116034,Design
10.1080/10426914.2022.2116034,evaluation
10.1080/10426914.2022.2116034,FDM
10.1080/10426914.2022.2116034,filter
10.1080/10426914.2022.2116034,flow
10.1080/10426914.2022.2116034,photocatalysis
10.1080/10426914.2022.2116034,simulation
10.1080/10426914.2022.2116034,SLA
10.1080/10426914.2022.2116034,structures
10.1007/s00382-023-06875-8,AMIP
10.1007/s00382-023-06875-8,CMIP6
10.1007/s00382-023-06875-8,Cut-off low
10.1007/s00382-023-06875-8,Northeast China cold vortex
10.1007/s00382-023-06875-8,Westerly jet
10.1016/j.xpro.2020.100292,Cell culture
10.1016/j.xpro.2020.100292,Microscopy
10.1016/j.xpro.2020.100292,Neuroscience
10.1016/j.xpro.2020.100292,Tissue engineering
10.1109/TVT.2023.3267181,edge collaboration
10.1109/TVT.2023.3267181,multi-agent DDPG
10.1109/TVT.2023.3267181,Trust evaluation
10.1109/TVT.2023.3267181,wireless virtual reality
10.1007/s00453-022-01092-x,Longest common substring
10.1007/s00453-022-01092-x,Quantum walks
10.1007/s00453-022-01092-x,String processing
10.1007/s00453-022-01092-x,String synchronizing sets
10.1016/j.jss.2024.111959,Online technologies in education
10.1016/j.jss.2024.111959,Software engineering education
10.1016/j.jss.2024.111959,Technology-enhanced learning
10.1016/j.jss.2024.111959,Virtual learning environment
10.53829/ntr202210fa6,artificial intelligence
10.53829/ntr202210fa6,brain science
10.53829/ntr202210fa6,communication science
10.1016/j.numecd.2022.10.006,Cardiovascular disease
10.1016/j.numecd.2022.10.006,Coronary heart disease
10.1016/j.numecd.2022.10.006,Diet
10.1016/j.numecd.2022.10.006,Dose–response meta-analysis
10.1016/j.numecd.2022.10.006,Legumes
10.1016/j.numecd.2022.10.006,Pulses
10.1016/j.numecd.2022.10.006,Stroke
10.1109/TVCG.2022.3231230,Computational modeling
10.1109/TVCG.2022.3231230,Computer science
10.1109/TVCG.2022.3231230,conceptual framework
10.1109/TVCG.2022.3231230,Encoding
10.1109/TVCG.2022.3231230,Human computer interaction
10.1109/TVCG.2022.3231230,Psychology
10.1109/TVCG.2022.3231230,Scalability
10.1109/TVCG.2022.3231230,Scalability
10.1109/TVCG.2022.3231230,structured literature analysis
10.1109/TVCG.2022.3231230,Visualization
10.1109/TVCG.2022.3231230,visualization
10.1016/j.suscom.2022.100800,Energy management
10.1016/j.suscom.2022.100800,Peer-to-peer interaction
10.1016/j.suscom.2022.100800,Population mobility network
10.1016/j.suscom.2022.100800,Spatial accessibility
10.1109/ACCESS.2023.3330688,dependability evaluation
10.1109/ACCESS.2023.3330688,docker
10.1109/ACCESS.2023.3330688,Hardware-in-loop experimentation
10.1109/ACCESS.2023.3330688,ns-3
10.1016/j.ydbio.2020.10.013,Data science
10.1016/j.ydbio.2020.10.013,Deep learning
10.1016/j.ydbio.2020.10.013,Engineering
10.1016/j.ydbio.2020.10.013,High-throughput
10.1016/j.ydbio.2020.10.013,Microfluidics
10.1016/j.ydbio.2020.10.013,Modeling
10.1016/j.ydbio.2020.10.013,Organoids
10.1016/j.ydbio.2020.10.013,Synthetic embryology
10.1007/s11042-023-17504-1,Machine learning
10.1007/s11042-023-17504-1,Mental disorder
10.1007/s11042-023-17504-1,Mental health
10.1007/s11042-023-17504-1,Modalities
10.1007/s11042-023-17504-1,Physiological signals
10.1007/s11042-023-17504-1,Scientometric analysis
10.1109/JOE.2023.3278290,Actor-critic network
10.1109/JOE.2023.3278290,adaptive formation control
10.1109/JOE.2023.3278290,deep reinforcement learning (DRL)
10.1109/JOE.2023.3278290,motion planning
10.1109/JOE.2023.3278290,multiple autonomous underwater vehicles (AUVs)
10.1109/JOE.2023.3278290,obstacle avoidance
10.1016/j.syapm.2022.126339,Binning
10.1016/j.syapm.2022.126339,Biodegradation
10.1016/j.syapm.2022.126339,Carbamazepine
10.1016/j.syapm.2022.126339,Ibuprofen
10.1016/j.syapm.2022.126339,Metagenomics
10.1016/j.syapm.2022.126339,Metatranscriptomics
10.1016/j.syapm.2022.126339,Nocardioides carbamazepini
10.1007/s11042-023-16349-y,Classical machine learning
10.1007/s11042-023-16349-y,Deep learning
10.1007/s11042-023-16349-y,Demographic and clinical features
10.1007/s11042-023-16349-y,Lung cancer
10.1007/s11042-023-16349-y,Survival period prediction
10.1007/s11336-023-09937-2,clustered data
10.1007/s11336-023-09937-2,conditional cash transfer program
10.1007/s11336-023-09937-2,heterogeneous treatment effects
10.1007/s11336-023-09937-2,multilevel data
10.1007/s11336-023-09937-2,optimal treatment regimes
10.1007/s11336-023-09937-2,optimal treatment rules
10.1007/s11336-023-09937-2,personalized learning
10.1007/s11336-023-09937-2,Q-learning
10.1007/s11336-023-09937-2,weighting
10.12307/2023.133,antibacterial
10.12307/2023.133,caries
10.12307/2023.133,infection
10.12307/2023.133,mechanism
10.12307/2023.133,nanomaterial
10.12307/2023.133,oral cavity
10.12307/2023.133,periodontitis
10.12307/2023.133,pulp and periapical disease
10.1109/TAFFC.2020.3022982,dominance
10.1109/TAFFC.2020.3022982,paired comparison
10.1109/TAFFC.2020.3022982,personality trait
10.1109/TAFFC.2020.3022982,Rating
10.1109/TAFFC.2020.3022982,submissiveness
10.1109/TAFFC.2020.3022982,virtual characters
10.1177/03063127231185095,artificial intelligence
10.1177/03063127231185095,ASIC
10.1177/03063127231185095,blockchain
10.1177/03063127231185095,cryptocurrency
10.1177/03063127231185095,GPU
10.1177/03063127231185095,hardware
10.1177/03063127231185095,materiality
10.1177/03063127231185095,TPU
10.1186/s12903-023-03533-7,Artificial intelligence
10.1186/s12903-023-03533-7,Diagnosis
10.1186/s12903-023-03533-7,Image analysis
10.1186/s12903-023-03533-7,Machine learning
10.1186/s12903-023-03533-7,Oral and maxillofacial pathology
10.1186/s12903-023-03533-7,Predictive modelling
10.3103/S1068366621030144,computer simulation
10.3103/S1068366621030144,computer-aided simulation
10.3103/S1068366621030144,functional coatings
10.3103/S1068366621030144,resistance of contact
10.3103/S1068366621030144,technical surfaces
10.52866/ijcsm.2022.01.01.015,Biological sciences applications
10.52866/ijcsm.2022.01.01.015,Differential equations
10.52866/ijcsm.2022.01.01.015,Mathematical modeling
10.1016/j.cag.2023.10.025,Assembly Processes
10.1016/j.cag.2023.10.025,Augmented Reality
10.1016/j.cag.2023.10.025,Evaluation
10.1016/j.cag.2023.10.025,Industry 4.0
10.1016/j.cag.2023.10.025,Mixed Reality
10.1016/j.cag.2023.10.025,Visualization
10.1016/j.jmb.2021.166888,bicelle
10.1016/j.jmb.2021.166888,micelle
10.1016/j.jmb.2021.166888,nanodisc
10.1016/j.jmb.2021.166888,salipro(r)
10.1016/j.jmb.2021.166888,SAXS
10.1109/TPDS.2023.3298148,Data space
10.1109/TPDS.2023.3298148,GPU architecture
10.1109/TPDS.2023.3298148,k-shape algorithm
10.1109/TPDS.2023.3298148,time series analysis
10.1109/TPDS.2023.3298148,time series clustering
10.24875/CIRU.22000453,Cerebral hemorrhage
10.24875/CIRU.22000453,Guided stereotactic
10.24875/CIRU.22000453,Intracranial hematoma
10.3389/fonc.2023.1326297,bibliometric analysis
10.3389/fonc.2023.1326297,Citespace
10.3389/fonc.2023.1326297,collaborative network
10.3389/fonc.2023.1326297,medical imaging
10.3389/fonc.2023.1326297,ovarian cancer
10.7717/PEERJ-CS.1010,Bert
10.7717/PEERJ-CS.1010,Multiple choice questions
10.7717/PEERJ-CS.1010,Natural language processing
10.7717/PEERJ-CS.1010,Text analysis
10.7717/PEERJ-CS.1010,Tf-idf
10.1016/j.fri.2021.200444,Computed tomography
10.1016/j.fri.2021.200444,Cone beam computed tomography
10.1016/j.fri.2021.200444,Facial soft tissue thickness
10.1016/j.fri.2021.200444,Forensic anthropology
10.1016/j.fri.2021.200444,Forensic dentistry
10.1016/j.fri.2021.200444,Forensic facial reconstruction
10.1016/j.fri.2021.200444,Forensic imaging
10.1016/j.fri.2021.200444,Forensic sciences
10.1016/j.fri.2021.200444,Human identification
10.1016/j.fri.2021.200444,Radiological examination
10.1007/s12652-023-04619-4,Health misinformation
10.1007/s12652-023-04619-4,Machine learning
10.1007/s12652-023-04619-4,Survey
10.1007/s12652-023-04619-4,Text mining
10.1016/j.compbiomed.2021.104909,Action potential
10.1016/j.compbiomed.2021.104909,Cardiac electrophysiology
10.1016/j.compbiomed.2021.104909,Computational science
10.1016/j.compbiomed.2021.104909,Control systems
10.1016/j.compbiomed.2021.104909,Controllability
10.1016/j.compbiomed.2021.104909,Electrical alternans
10.1016/j.compbiomed.2021.104909,Mathematical biosciences
10.1016/j.compbiomed.2021.104909,State feedback
10.1016/j.cpc.2021.108156,Interatomic potentials
10.1016/j.cpc.2021.108156,Molecular dynamics
10.1016/j.cpc.2021.108156,Neural networks
10.1016/j.cpc.2021.108156,Performance portability
10.1016/j.cpc.2021.108156,Scaling
10.1016/j.jcss.2020.12.001,Compressed full-text self-indices
10.1016/j.jcss.2020.12.001,Grammar compression
10.1016/j.jcss.2020.12.001,Highly repetitive text collections
10.1016/j.jcss.2020.12.001,Text indexing
10.24507/ijicic.19.04.1073,Computer sciences
10.24507/ijicic.19.04.1073,Deep learning
10.24507/ijicic.19.04.1073,Health sciences
10.24507/ijicic.19.04.1073,Stunting detection
10.11975/j.issn.1002-6819.202211189,analysis
10.11975/j.issn.1002-6819.202211189,measurement
10.11975/j.issn.1002-6819.202211189,rotary encoder
10.11975/j.issn.1002-6819.202211189,tree ring
10.11975/j.issn.1002-6819.202211189,upper computer
10.1109/ACCESS.2023.3321457,approximate nearest neighbor search
10.1109/ACCESS.2023.3321457,Cloud computing
10.1109/ACCESS.2023.3321457,local sensitive hashing
10.1109/ACCESS.2023.3321457,secure outsourcing
10.1016/j.tcs.2021.08.001,Cryptanalysis
10.1016/j.tcs.2021.08.001,Cubic Pell equation
10.1016/j.tcs.2021.08.001,Lattice-based method
10.1016/j.tcs.2021.08.001,RSA variant
10.1016/j.tcs.2021.08.001,Small private exponent attack
10.3390/su142215157,CiteSpace
10.3390/su142215157,COVID-19
10.3390/su142215157,digital education
10.3390/su142215157,digital education governance
10.3390/su142215157,digital technology
10.3390/su142215157,knowledge graph
10.1186/s12909-023-04345-7,Airway clearance
10.1186/s12909-023-04345-7,DeCHOKER®
10.1186/s12909-023-04345-7,FBAO
10.1186/s12909-023-04345-7,LifeVac®
10.1186/s12909-023-04345-7,Nursing and medical students
10.1186/s12909-023-04345-7,Simulation
10.1002/wcms.1651,deep learning
10.1002/wcms.1651,drug discovery
10.1002/wcms.1651,generative models
10.1002/wcms.1651,graph neural networks
10.1109/MAHC.2023.3326607,Computers
10.1109/MAHC.2023.3326607,Digital computers
10.1109/MAHC.2023.3326607,History
10.1109/MAHC.2023.3326607,Machinery
10.1109/MAHC.2023.3326607,Physics
10.1109/MAHC.2023.3326607,Presses
10.1109/MAHC.2023.3326607,Valves
10.1177/09697330221109945,intensive care unit
10.1177/09697330221109945,moral sensitivity
10.1177/09697330221109945,nurse education
10.1177/09697330221109945,virtual patient simulation
10.1177/09697330221109945,written simulation
10.1007/s40336-022-00512-w,Computed tomography
10.1007/s40336-022-00512-w,COVID-19
10.1007/s40336-022-00512-w,CT
10.1007/s40336-022-00512-w,CT severity score
10.1007/s40336-022-00512-w,Mortality
10.1007/s40336-022-00512-w,Pneumonia
10.1109/ACCESS.2023.3322924,anti-virus
10.1109/ACCESS.2023.3322924,artificial neural networks
10.1109/ACCESS.2023.3322924,insider threat
10.1109/ACCESS.2023.3322924,machine learning
10.1109/ACCESS.2023.3322924,numerical solutions
10.1109/ACCESS.2023.3322924,optimization algorithm
10.1109/ACCESS.2023.3322924,patching
10.1109/ACCESS.2023.3322924,SEIQV model
10.1109/ACCESS.2023.3322924,surrogate solutions
10.1109/ACCESS.2023.3322924,system of differential equations
10.3788/gzxb20225102.0251207,Line width
10.3788/gzxb20225102.0251207,Microcontroller unit
10.3788/gzxb20225102.0251207,Temperature control
10.3788/gzxb20225102.0251207,Tunable lasers
10.3788/gzxb20225102.0251207,Wavelength division multiplexing
10.3788/gzxb20225102.0251207,Wavelength offset
10.1002/bimj.201900254,conditional false discovery rate
10.1002/bimj.201900254,empirical Bayes
10.1002/bimj.201900254,false discovery rate
10.1002/bimj.201900254,high-dimensional association study
10.1002/bimj.201900254,transcriptome-wide association study
10.1002/bimj.201900254,unsupervised learning
10.1109/LSP.2022.3223029,Adaptive filtering
10.1109/LSP.2022.3223029,PBFDAF
10.1109/LSP.2022.3223029,steady-state solution
10.1109/LSP.2022.3223029,transient behavior
10.32604/cmc.2023.032765,biomedical data
10.32604/cmc.2023.032765,data classification
10.32604/cmc.2023.032765,Data science
10.32604/cmc.2023.032765,deep learning
10.32604/cmc.2023.032765,ECG signals
10.32604/cmc.2023.032765,improved bat algorithm
10.32604/cmc.2023.032765,machine learning
10.1007/s10559-021-00349-7,accuracy-optimal quadrature formula
10.1007/s10559-021-00349-7,Bessel transformation
10.1007/s10559-021-00349-7,boundary functions method
10.1007/s10559-021-00349-7,hat method
10.1007/s10559-021-00349-7,interpolation classes of functions
,Dermato-Cosmetic Science
,Efficacy of cosmetic products and aesthetic treatments
,new approach methodologies (NAMs)
,Safety of cosmetic products
10.1016/j.seppur.2023.125730,Co-MOF
10.1016/j.seppur.2023.125730,Electrospun PAN
10.1016/j.seppur.2023.125730,On-demand emulsion separation
10.1016/j.seppur.2023.125730,Soluble dye removal
10.1016/j.seppur.2023.125730,Switchable superwettability
10.1109/ACCESS.2023.3269301,agent’s expression
10.1109/ACCESS.2023.3269301,Artificial intelligence
10.1109/ACCESS.2023.3269301,Behavioral sciences
10.1109/ACCESS.2023.3269301,Chatbots
10.1109/ACCESS.2023.3269301,empathy agent
10.1109/ACCESS.2023.3269301,Ethics
10.1109/ACCESS.2023.3269301,human-agent interaction
10.1109/ACCESS.2023.3269301,Human-robot interaction
10.1109/ACCESS.2023.3269301,Robots
10.1109/ACCESS.2023.3269301,Task analysis
10.1109/ACCESS.2023.3269301,task completion
10.1109/ACCESS.2023.3269301,task content
10.1109/ACCESS.2023.3269301,task difficulty
10.1016/j.jclinepi.2021.03.031,Accuracy estimates
10.1016/j.jclinepi.2021.03.031,Bias
10.1016/j.jclinepi.2021.03.031,Cherry-picking
10.1016/j.jclinepi.2021.03.031,Data-driven methods
10.1016/j.jclinepi.2021.03.031,Depression
10.1016/j.jclinepi.2021.03.031,Optimal cutoff
10.22442/jlumhs.2021.00745,Colic
10.22442/jlumhs.2021.00745,Diclofenac
10.22442/jlumhs.2021.00745,Efficacy
10.22442/jlumhs.2021.00745,Medical Expulsive Therapy
10.22442/jlumhs.2021.00745,Mirabegron
10.22442/jlumhs.2021.00745,Ureteric stone
10.1016/j.compeleceng.2021.107374,5G technology
10.1016/j.compeleceng.2021.107374,Big data analytics
10.1016/j.compeleceng.2021.107374,Online hotel reviews
10.1016/j.compeleceng.2021.107374,Sentiment analysis
10.1016/j.compeleceng.2021.107374,Text mining
10.1007/s00134-021-06368-4,Cardiac arrest
10.1007/s00134-021-06368-4,Guidelines
10.1007/s00134-021-06368-4,Post resuscitation care
10.1007/s00134-021-06368-4,Prognostication
10.12307/2022.976,Bone regeneration
10.12307/2022.976,Exosome
10.12307/2022.976,Extracellular vesicle
10.12307/2022.976,Immunomodulation
10.12307/2022.976,Outer membrane vesicle
10.12307/2022.976,Periodontal disease
10.12307/2022.976,Review
10.1109/TPAMI.2024.3358168,Complex systems
10.1109/TPAMI.2024.3358168,Complexity Science
10.1109/TPAMI.2024.3358168,Complexity theory
10.1109/TPAMI.2024.3358168,Correlation
10.1109/TPAMI.2024.3358168,Fractals
10.1109/TPAMI.2024.3358168,GPT Models
10.1109/TPAMI.2024.3358168,Multifractal Analysis
10.1109/TPAMI.2024.3358168,Natural Language Generation
10.1109/TPAMI.2024.3358168,Quantitative Linguistics
10.1109/TPAMI.2024.3358168,Recurrence Quantification Analysis
10.1109/TPAMI.2024.3358168,Task analysis
10.1109/TPAMI.2024.3358168,"Text Classification,"
10.1109/TPAMI.2024.3358168,Time series analysis
10.1109/TPAMI.2024.3358168,Writing
10.1109/TPAMI.2024.3358168,Zipf's Law
10.18306/dlkxjz.2022.01.007,Bibliometric analysis
10.18306/dlkxjz.2022.01.007,Cognitive map
10.18306/dlkxjz.2022.01.007,Digital turn
10.18306/dlkxjz.2022.01.007,Emotional turn
10.18306/dlkxjz.2022.01.007,Interdisciplinary perspective
10.18306/dlkxjz.2022.01.007,Neural turn
10.1016/j.petrol.2021.109151,Digital core
10.1016/j.petrol.2021.109151,Generative adversarial network
10.1016/j.petrol.2021.109151,Reconstruction
10.1016/j.petrol.2021.109151,Training image
10.1016/j.petrol.2021.109151,Variational auto-encoder
10.1007/s00429-022-02568-w,Decision-making
10.1007/s00429-022-02568-w,Dynamic regression model
10.1007/s00429-022-02568-w,OFC
10.1007/s00429-022-02568-w,PPI
10.1007/s00429-022-02568-w,Regret
10.1007/s00429-022-02568-w,VBM
10.1016/j.compeleceng.2022.107957,Art education
10.1016/j.compeleceng.2022.107957,Artificial intelligence
10.1016/j.compeleceng.2022.107957,Content Knowledge
10.1016/j.compeleceng.2022.107957,Creative thinking skills
10.1016/j.compeleceng.2022.107957,Pedagogy
10.1016/j.compeleceng.2022.107957,Student
10.1109/TNSE.2022.3204399,Denial-of-service attack
10.1109/TNSE.2022.3204399,event-triggered bipartite consensus
10.1109/TNSE.2022.3204399,multi-agent systems
10.1109/TNSE.2022.3204399,self-triggered control
10.23736/S2724-5276.20.05978-2,Child nutrition sciences
10.23736/S2724-5276.20.05978-2,Constipation
10.23736/S2724-5276.20.05978-2,Diet therapy
10.23736/S2724-5276.20.05978-2,Dietary fiber
10.1088/1367-2630/acb22d,quantum entanglement
10.1088/1367-2630/acb22d,quantum nonlocality
10.1088/1367-2630/acb22d,rendezvous on graphs
10.1016/j.aca.2023.341725,Enantioseparation
10.1016/j.aca.2023.341725,Ferrocene
10.1016/j.aca.2023.341725,Molecular modeling
10.1016/j.aca.2023.341725,Noncovalent interactions
10.1016/j.aca.2023.341725,Polysaccharide-based chiral stationary phases
10.1017/S0954579420002230,growth mixture modeling
10.1017/S0954579420002230,latent classes
10.1017/S0954579420002230,longitudinal
10.1017/S0954579420002230,Monte Carlo
10.1017/S0954579420002230,simulation
10.12307/2022.318,Arch
10.12307/2022.318,Custom
10.12307/2022.318,Design and manufacture
10.12307/2022.318,Effect
10.12307/2022.318,Flatfoot
10.12307/2022.318,Foot orthoses
10.12307/2022.318,Orthopedic insole
10.1098/rsta.2020.0190,CT
10.1098/rsta.2020.0190,image reconstruction
10.1098/rsta.2020.0190,Monte Carlo simulation
10.1098/rsta.2020.0190,MRI
10.1098/rsta.2020.0190,optical imaging
10.1098/rsta.2020.0190,PET
10.1098/rsta.2020.0190,phantoms
10.1098/rsta.2020.0190,SPECT
10.4108/EW.4825,Artificial Intelligence
10.4108/EW.4825,Climate change
10.4108/EW.4825,Data Science
10.4108/EW.4825,Energy Sector
10.1007/s11042-022-13552-1,Computer vision
10.1007/s11042-022-13552-1,Data analysis
10.1007/s11042-022-13552-1,Geospatial analysis
10.1007/s11042-022-13552-1,Machine learning
10.1007/s11042-022-13552-1,Sports data science
10.1016/j.neunet.2023.06.036,Artificial Intelligence
10.1016/j.neunet.2023.06.036,Deep Artificial Neural Network
10.1016/j.neunet.2023.06.036,High-order neural interactions
10.1016/j.neunet.2023.06.036,Machine learning
10.1016/j.neunet.2023.06.036,Orthogonal decomposition
10.1016/j.neunet.2023.06.036,Polynomial chaos expansion
10.1177/1098612X211055685,Bioeconomic analysis
10.1177/1098612X211055685,cost
10.1177/1098612X211055685,euthanasia
10.1177/1098612X211055685,feral cat
10.1177/1098612X211055685,free-roaming cat
10.1177/1098612X211055685,neutering
10.1177/1098612X211055685,outdoor cat
10.1177/1098612X211055685,simulation modeling
10.1177/1098612X211055685,sterilization
10.1177/1098612X211055685,trap–neuter–return
10.1016/j.ins.2023.119751,Satisfiability
10.1016/j.ins.2023.119751,Stochastic local search
10.1016/j.ins.2023.119751,Structured problems
10.1016/j.ins.2023.119751,Two-mode solver
10.1109/MAES.2023.3317880,data acquisition
10.1109/MAES.2023.3317880,History
10.1109/MAES.2023.3317880,multisensor systems
10.1109/MAES.2023.3317880,phased array radar
10.1109/MAES.2023.3317880,tracking
10.1109/TKDE.2023.3329175,Bundle recommendation
10.1109/TKDE.2023.3329175,Computer science
10.1109/TKDE.2023.3329175,contrastive learning
10.1109/TKDE.2023.3329175,Convolution
10.1109/TKDE.2023.3329175,disentangled representation learning
10.1109/TKDE.2023.3329175,Multitasking
10.1109/TKDE.2023.3329175,Representation learning
10.1109/TKDE.2023.3329175,Routing
10.1109/TKDE.2023.3329175,Stress
10.1109/TKDE.2023.3329175,Task analysis
10.3390/jcm12062308,biometrics
10.3390/jcm12062308,chimerism
10.3390/jcm12062308,DNA
10.3390/jcm12062308,facial recognition
10.3390/jcm12062308,fingerprint identification
10.3390/jcm12062308,vascularized composite allotransplantation
10.1007/s10107-023-02026-3,d-Claw free graphs
10.1007/s10107-023-02026-3,Independent set
10.1007/s10107-023-02026-3,Local search
10.1007/s10107-023-02026-3,Weighted k-set packing
10.1080/17445760.2021.2016754,algorithm
10.1080/17445760.2021.2016754,automaton
10.1080/17445760.2021.2016754,axiom
10.1080/17445760.2021.2016754,computable function
10.1080/17445760.2021.2016754,computing system
10.1080/17445760.2021.2016754,distributed system
10.1080/17445760.2021.2016754,theory
10.1080/17445760.2021.2016754,Totalisation
10.1002/admt.202301250,3D chiral metasurfaces
10.1002/admt.202301250,circular polarized light detection
10.1002/admt.202301250,focused electron beam induced deposition
10.1002/admt.202301250,handedness-selectivity
10.1002/admt.202301250,nanohelices
10.1002/admt.202301250,phototransistors
10.1016/j.seppur.2023.124894,IL
10.1016/j.seppur.2023.124894,Machine learning
10.1016/j.seppur.2023.124894,MIP
10.1016/j.seppur.2023.124894,Persistent organic pollutant
10.1016/j.seppur.2023.124894,Remove PFOA
10.3390/en14102860,Dynamic distribution tariff
10.3390/en14102860,Feasibility evaluation
10.3390/en14102860,Participation cost
10.3390/en14102860,Regulatory readiness
10.3390/en14102860,Scoping review
10.3390/en14102860,Technology readiness
10.3390/en14102860,User convenience level
10.1097/MD.0000000000034905,meta-analysis
10.1097/MD.0000000000034905,middle-aged and elderly
10.1097/MD.0000000000034905,mild cognitive impairment
10.1097/MD.0000000000034905,mind-body exercise
10.1007/s11336-022-09879-1,causal inference
10.1007/s11336-022-09879-1,longitudinal data
10.1007/s11336-022-09879-1,marginal structural model
10.1007/s11336-022-09879-1,observational study
10.1007/s11336-022-09879-1,structural nested mean model
10.1109/TVCG.2021.3059294,D3.js
10.1109/TVCG.2021.3059294,performance
10.1109/TVCG.2021.3059294,rendering
10.1109/TVCG.2021.3059294,SVG
10.1109/TVCG.2021.3059294,virtual DOM
10.1109/TVCG.2021.3059294,Visualization systems
10.1016/j.actamat.2023.118857,Diffusion spreadability
10.1016/j.actamat.2023.118857,Heterogeneous materials
10.1016/j.actamat.2023.118857,Hyperuniformity
10.1016/j.actamat.2023.118857,Inhomogeneous diffusion
10.1007/s00521-020-05185-y,Clustering
10.1007/s00521-020-05185-y,Feature learning
10.1007/s00521-020-05185-y,Multi-view learning
10.1007/s00521-020-05185-y,Neighbor domain correlation
10.1109/TE.2022.3158472,Computer science education
10.1109/TE.2022.3158472,educational robots
10.1109/TE.2022.3158472,educational technology
10.1109/TE.2022.3158472,formal and informal learning
10.1109/TE.2022.3158472,human-computer interaction (HCI)
10.1109/TE.2022.3158472,ICT platform
10.1109/TE.2022.3158472,programming
10.1109/TE.2022.3158472,robots
10.1109/TE.2022.3158472,STEM
10.1109/TE.2022.3158472,technology-assisted learning
10.1016/j.bspc.2023.105650,Computer-aided diagnosis
10.1016/j.bspc.2023.105650,Convolutional neural networks
10.1016/j.bspc.2023.105650,Deep learning
10.1016/j.bspc.2023.105650,Lung tumor detection
10.1016/j.bspc.2023.105650,Medical image classification CT scan images
10.1016/j.bspc.2023.105650,Medical Imaging
10.1016/j.bspc.2023.105650,Radiology
10.1109/TNET.2023.3324697,Behavioral sciences
10.1109/TNET.2023.3324697,Byzantine resilience
10.1109/TNET.2023.3324697,Computational modeling
10.1109/TNET.2023.3324697,deep learning
10.1109/TNET.2023.3324697,distributed training
10.1109/TNET.2023.3324697,gradient descent
10.1109/TNET.2023.3324697,optimization
10.1109/TNET.2023.3324697,Protocols
10.1109/TNET.2023.3324697,Resilience
10.1109/TNET.2023.3324697,security
10.1109/TNET.2023.3324697,Servers
10.1109/TNET.2023.3324697,Task analysis
10.1109/TNET.2023.3324697,Training
10.3758/s13428-021-01558-w,Comprehension
10.3758/s13428-021-01558-w,Computational modeling
10.3758/s13428-021-01558-w,Figurative language processing
10.3758/s13428-021-01558-w,Metaphor quality
10.3758/s13428-021-01558-w,Vector space model
10.3758/s13428-021-01558-w,Word2vec
10.3233/JIFS-223054,accurate double dominating set on m-PIVFG
10.3233/JIFS-223054,acurate dominating set on m-PIVFG
10.3233/JIFS-223054,double domination in m-PIVFG
10.3233/JIFS-223054,facility location problem
10.3233/JIFS-223054,m-PIVFG
10.1016/j.compchemeng.2024.108627,Emerging hardware
10.1016/j.compchemeng.2024.108627,High-performance computing
10.1016/j.compchemeng.2024.108627,Mathematical programming
10.1016/j.compchemeng.2024.108627,Optimization
10.1016/j.compchemeng.2024.108627,Quantum computing
10.1002/tea.21883,computational thinking
10.1002/tea.21883,computational thinking integration
10.1002/tea.21883,next generation science standards
10.1002/tea.21883,process-based computational thinking
10.1002/tea.21883,science education
10.36150/2499-6564-N357,behavioral and social sciences
10.36150/2499-6564-N357,depression and dementia
10.36150/2499-6564-N357,nervous system
10.1016/j.measen.2022.100508,Artificial intelligence
10.1016/j.measen.2022.100508,Decision making ability
10.1016/j.measen.2022.100508,Genetic algorithm
10.1016/j.measen.2022.100508,Network security
10.1016/j.measen.2022.100508,Network security protection
10.1016/j.seta.2024.103650,Cyber-Physical Digital Twin
10.1016/j.seta.2024.103650,Cybersecurity Enhancement
10.1016/j.seta.2024.103650,Deep Learning (DL) Framework
10.1016/j.seta.2024.103650,SGCS
10.1016/j.seta.2024.103650,Social Science
10.1016/j.radonc.2023.109524,Cervical cancer
10.1016/j.radonc.2023.109524,Clinical trial monitoring
10.1016/j.radonc.2023.109524,Data analytics
10.1016/j.radonc.2023.109524,IGABT
10.1016/j.fsidi.2022.301349,ISO/IEC 17 025
10.1016/j.fsidi.2022.301349,ISO/IEC 27 037
10.1016/j.fsidi.2022.301349,ISO/IEC 27 041
10.1016/j.fsidi.2022.301349,ISO/IEC 27 042
10.1016/j.fsidi.2022.301349,Method validation
10.1016/j.fsidi.2022.301349,Quality standards
10.1016/j.fsidi.2022.301349,Requirements definitions
10.3389/fvets.2022.962989,computational social science
10.3389/fvets.2022.962989,computer science
10.3389/fvets.2022.962989,data science
10.3389/fvets.2022.962989,decision making
10.3389/fvets.2022.962989,experimental economics
10.3389/fvets.2022.962989,experimental games
10.3389/fvets.2022.962989,livestock disease
10.1109/ACCESS.2022.3198985,computer vision
10.1109/ACCESS.2022.3198985,frame buffer
10.1109/ACCESS.2022.3198985,neural networks
10.1109/ACCESS.2022.3198985,pedestrian detection
10.1109/ACCESS.2022.3198985,pose estimation
10.1109/ACCESS.2022.3198985,tracking
10.1109/ACCESS.2022.3198985,Violent behavior
10.3389/fonc.2021.702908,bladder cancer
10.3389/fonc.2021.702908,controlling nutritional status
10.3389/fonc.2021.702908,meta-analysis
10.3389/fonc.2021.702908,prognostic factors
10.3389/fonc.2021.702908,upper tract urothelial carcinoma
10.3389/fonc.2021.702908,urothelial cancer
10.1109/TPAMI.2023.3270772,Computer vision
10.1109/TPAMI.2023.3270772,deep learning
10.1109/TPAMI.2023.3270772,novelty detection
10.1109/TPAMI.2023.3270772,open set recognition
10.1109/TPAMI.2023.3270772,visual psychophysics
10.1007/s12559-023-10194-9,Biased competition
10.1007/s12559-023-10194-9,Catastrophic forgetting
10.1007/s12559-023-10194-9,Independent and identically distributed
10.1007/s12559-023-10194-9,Regulatory feedback
10.1007/s12559-023-10194-9,Rehearsing
10.1007/s12559-023-10194-9,Salience
10.11896/cldb.21110046,ab initio molecular dynamics
10.11896/cldb.21110046,amorphous alloy
10.11896/cldb.21110046,battery electrochemistry
10.11896/cldb.21110046,corrosion
10.11896/cldb.21110046,first-principles calculations
10.1145/3474713,digital games
10.1145/3474713,feminist
10.1145/3474713,"learning, inquiry"
10.1145/3474713,science education
10.1145/3474713,sts
10.1055/s-0041-1722861,blood coagulation
10.1055/s-0041-1722861,computer simulation
10.1055/s-0041-1722861,hemodynamics
10.1055/s-0041-1722861,platelets
10.1055/s-0041-1722861,theoretical models
10.1109/ISEC57711.2023.10402224,Careers
10.1109/ISEC57711.2023.10402224,Computer Science Education
10.1109/ISEC57711.2023.10402224,Computing
10.1109/ISEC57711.2023.10402224,Expert Interviews
10.1109/FIT57066.2022.00051,Autonomous cyber defense
10.1109/FIT57066.2022.00051,Cyber automation
10.1109/FIT57066.2022.00051,Cyber resilience
10.1109/FIT57066.2022.00051,Cyber security
10.1109/FIT57066.2022.00051,Markov Decision Process
10.1109/FIT57066.2022.00051,Q-learning
10.1109/FIT57066.2022.00051,Recovery
10.1109/FIT57066.2022.00051,Reinforcement learning
10.1109/FIT57066.2022.00051,Resilience
10.1109/FIT57066.2022.00051,Response
10.1109/BCICTS54660.2023.10310965,cryogenic
10.1109/BCICTS54660.2023.10310965,low temperature
10.1109/BCICTS54660.2023.10310965,quantum computing
10.1109/BCICTS54660.2023.10310965,quantum science
10.1109/BCICTS54660.2023.10310965,SiGe HBT
10.1109/BCICTS54660.2023.10310965,silicon-germanium
10.1109/BCICTS54660.2023.10310965,space exploration
10.1109/MECO52532.2021.9460269,ad-hoc network
10.1109/MECO52532.2021.9460269,AODV
10.1109/MECO52532.2021.9460269,configuration of routing protocol
10.1109/MECO52532.2021.9460269,fish school search
10.1109/MECO52532.2021.9460269,network performance criterion
10.1109/MECO52532.2021.9460269,OMNET++
,Collaborative Robots
,End-User Development
,Human-Machine Interaction
,Human-Robot Collaboration
10.1145/3587102.3588856,computer literacy
10.1145/3587102.3588856,CS2
10.1145/3587102.3588856,help
10.1145/3587102.3588856,programming competence
10.1145/3587102.3588856,student performance
10.4230/LIPIcs.ICALP.2022.96,deletion channel
10.4230/LIPIcs.ICALP.2022.96,graph reconstruction
10.4230/LIPIcs.ICALP.2022.96,sample complexity
10.1109/IPDPSW52791.2021.00019,cloud computing
10.1109/IPDPSW52791.2021.00019,deep learning
10.1109/IPDPSW52791.2021.00019,health sciences
10.1109/IPDPSW52791.2021.00019,High performance computing
10.1109/IPDPSW52791.2021.00019,machine learning
10.1109/IPDPSW52791.2021.00019,modular supercomputer architecture
10.1109/IPDPSW52791.2021.00019,parallel and distributed algorithms
10.1109/IPDPSW52791.2021.00019,quantum computing
10.1109/IPDPSW52791.2021.00019,remote sensing
10.5194/isprs-Archives-XLVI-4-W5-2021-109-2021,3D
10.5194/isprs-Archives-XLVI-4-W5-2021-109-2021,Agent-Based Modeling
10.5194/isprs-Archives-XLVI-4-W5-2021-109-2021,Building Information Modeling
10.5194/isprs-Archives-XLVI-4-W5-2021-109-2021,Evacuation
10.5194/isprs-Archives-XLVI-4-W5-2021-109-2021,Risk Assessment
10.5194/isprs-Archives-XLVI-4-W5-2021-109-2021,Simulation
10.1109/IC3I56241.2022.10072737,Electronics
10.1109/IC3I56241.2022.10072737,etc
10.1109/IC3I56241.2022.10072737,Mechanical
10.1109/IC3I56241.2022.10072737,Radiation
10.1145/3545945.3569787,curriculum
10.1145/3545945.3569787,knowledge retention
10.1145/3545945.3569787,prerequisites
10.1145/3568813.3600121,anonymity
10.1145/3568813.3600121,course forums
10.1145/3568813.3600121,inclusion
10.1145/3478431.3499418,adaptive feedback tools
10.1145/3478431.3499418,equity
10.1145/3478431.3499418,gender
10.1145/3478431.3499418,intelligent tutoring systems
10.1145/3478431.3499418,race
,Computer science education
,Mobile learning
,Pandemic
10.1145/3587103.3594161,computer science education
10.1145/3587103.3594161,Nand2Tetris
10.1145/3587103.3594161,VHDL
10.1145/3543712.3543745,comparison
10.1145/3543712.3543745,safety management
10.1145/3543712.3543745,social sciences
10.5220/0011084000003182,Conceptions
10.5220/0011084000003182,Data Storing and Manipulation
10.5220/0011084000003182,Introductory Computer Science Courses
10.5220/0011084000003182,Kintsch's Construction-integration Text-comprehension Model
10.5220/0011084000003182,Main Memory
10.5220/0011084000003182,Misconceptions
10.5220/0011084000003182,Program Execution
10.1109/iCCECE52344.2021.9534853,clinical diagnostic software
10.1109/iCCECE52344.2021.9534853,COVID-19
10.1109/iCCECE52344.2021.9534853,healthcare protection
10.1109/iCCECE52344.2021.9534853,medical software system
10.1109/iCCECE52344.2021.9534853,software model evaluation
10.1109/MODELS-C59198.2023.00032,MDE Education
10.1109/MODELS-C59198.2023.00032,Modeling Assignments
10.1109/MODELS-C59198.2023.00032,Modeling Plagiarism
10.1109/MODELS-C59198.2023.00032,Plagiarism Detection
10.1109/MODELS-C59198.2023.00032,Plagiarism Obfuscation
10.1109/MECO52532.2021.9460144,evaluation
10.1109/MECO52532.2021.9460144,framework
10.1109/MECO52532.2021.9460144,ports
10.1109/MECO52532.2021.9460144,process management
10.1109/ICIC60109.2023.10382081,Artificial Intelligence(AI)
10.1109/ICIC60109.2023.10382081,Computer Science Frameworks
10.1109/ICIC60109.2023.10382081,Heuristic Analysis
10.1109/ICIC60109.2023.10382081,Startup Matchmaking
10.1109/ICIC60109.2023.10382081,Technological Innovation
10.1109/ICECCO58239.2023.10147147,collaborative base filtering
10.1109/ICECCO58239.2023.10147147,content-based filtering
10.1109/ICECCO58239.2023.10147147,fuzzy logic
10.1109/ICECCO58239.2023.10147147,personalized system
10.1109/ICECCO58239.2023.10147147,recommendation system
10.1109/CSEET58097.2023.00017,agile
10.1109/CSEET58097.2023.00017,agile tools
10.1109/CSEET58097.2023.00017,Essence
10.1109/CSEET58097.2023.00017,teamwork
10.1145/3573051.3596193,diversity
10.1145/3573051.3596193,MOOCs
10.1145/3573051.3596193,online learning
10.1145/3573051.3596193,prep courses
10.1145/3573051.3596193,underrepresented minorities
10.1109/ICIEA54703.2022.10005940,ADAMS
10.1109/ICIEA54703.2022.10005940,Automatic adjustment
10.1109/ICIEA54703.2022.10005940,Device
10.1109/ICIEA54703.2022.10005940,Welding shielding gas
10.1109/SETIT54465.2022.9875510,Combating Cybercrime
10.1109/SETIT54465.2022.9875510,Cybercrime ICT initiative
10.1109/SETIT54465.2022.9875510,Information and Communication Technology (ICT)
10.1109/SETIT54465.2022.9875510,law enforcement
10.1109/SETIT54465.2022.9875510,Smart Policing
10.1145/3449639.3459344,Constructive heuristic
10.1145/3449639.3459344,Permutation flowshop
10.1145/3449639.3459344,Tiebreaker
10.1117/12.2653546,Artificial intelligence
10.1117/12.2653546,machine learning
10.1117/12.2653546,natural language processing
10.1117/12.2653546,text classification algorithms
10.1109/ICOCO56118.2022.10031980,decision tree classifier
10.1109/ICOCO56118.2022.10031980,internship
10.1109/ICOCO56118.2022.10031980,job placement
10.1109/ICOCO56118.2022.10031980,profile mapping
10.1109/ICOCO56118.2022.10031980,undergraduate program
10.1145/3512576.3512617,Facebook
10.1145/3512576.3512617,HDP
10.1145/3512576.3512617,LDA
10.1145/3512576.3512617,Social Media
,Build environment
,Clustering
,Data mining
,Methodology
,Multidisciplinary
,Sustainability
10.1145/3408877.3439654,accessibility
10.1145/3408877.3439654,assignments
10.1145/3408877.3439654,diversity
10.1145/3408877.3439654,gender gap
10.1145/3408877.3439654,inclusion
,linear algebra algorithms
,Mathematical modeling
,methods of structuring sparse matrices
,sparse matrices
,structural strength problems
10.1109/ICET53279.2021.9575076,Borland delphi
10.1109/ICET53279.2021.9575076,Feedback
10.1109/ICET53279.2021.9575076,Learning system
10.1109/ICET53279.2021.9575076,Non-game context
10.1109/ICET53279.2021.9575076,Non-major CS
10.1109/ICET53279.2021.9575076,Visual programming
10.1145/3605468.3609762,computer science education
10.1145/3605468.3609762,K-12
10.1145/3605468.3609762,measure
10.1145/3605468.3609762,student engagement
10.1088/1742-6596/1881/4/042022,OPC UA
10.1088/1742-6596/1881/4/042022,Power Grid
10.1088/1742-6596/1881/4/042022,Security
10.1088/1742-6596/1881/4/042022,Service Interoperability
10.1109/ICTer58063.2022.10024082,Deep Learning
10.1109/ICTer58063.2022.10024082,Hate speech detection
10.1109/ICTer58063.2022.10024082,Machine Learning
10.1109/ICTer58063.2022.10024082,Natural Language Processing
10.1109/ICTer58063.2022.10024082,Sinhala
10.1109/ICPECA53709.2022.9718946,3D special effects technology
10.1109/ICPECA53709.2022.9718946,Character modeling
10.1109/ICPECA53709.2022.9718946,Computer
10.1109/ICPECA53709.2022.9718946,Science fiction animation
10.1109/ICPECA53709.2022.9718946,Visual design
10.1145/3564746.3587023,computer science education
10.1145/3564746.3587023,ethics
10.1145/3564746.3587023,news literacy
10.1145/3478432.3499106,academic emotions
10.1145/3478432.3499106,computer science education
10.1145/3478432.3499106,instrument validation
10.1145/3478432.3499106,peq.
10.1145/3482632.3482982,Basketball Teaching
10.1145/3482632.3482982,Computer Graphics
10.1145/3482632.3482982,Design Drawing
10.1145/3482632.3482982,Training Tactics
10.1007/978-3-031-15175-0_4,ANN
10.1007/978-3-031-15175-0_4,Artificial intelligence
10.1007/978-3-031-15175-0_4,Computer vision
10.1007/978-3-031-15175-0_4,Nanotechnology
10.1007/978-3-031-15175-0_4,Robots
10.1145/3545945.3569852,computer science education
10.1145/3545945.3569852,help-seeking
10.1145/3545945.3569852,novice programming
10.1145/3545945.3569852,web-search
10.1016/j.procs.2021.06.087,Computer sciences education
10.1016/j.procs.2021.06.087,mechatronics
10.1016/j.procs.2021.06.087,preprofessional education
10.1016/j.procs.2021.06.087,robotics
10.1016/j.procs.2021.06.087,VR
,Coal
,Lignite
,OHS
,SPSS
10.1145/3534678.3542912,data mining
10.1145/3534678.3542912,ethical ai
10.1145/3534678.3542912,machine learning
10.1109/ICACITE53722.2022.9823810,Algorithm
10.1109/ICACITE53722.2022.9823810,automatic assistance
10.1109/ICACITE53722.2022.9823810,big data
10.1109/ICACITE53722.2022.9823810,classification
10.1109/ICACITE53722.2022.9823810,clustering
10.1109/ICACITE53722.2022.9823810,Data Acquisition
10.1109/ICACITE53722.2022.9823810,Data Management
10.1109/ICACITE53722.2022.9823810,Data processing
10.1109/ICACITE53722.2022.9823810,Data protection
10.1109/ICACITE53722.2022.9823810,data wrangling
10.1109/ICACITE53722.2022.9823810,digital marketing
10.1109/ICACITE53722.2022.9823810,digital transformation
10.1109/ICACITE53722.2022.9823810,imputation
10.1109/ICACITE53722.2022.9823810,Interpretation
10.1109/ICACITE53722.2022.9823810,investigation
10.1109/ICACITE53722.2022.9823810,machine learning
10.1109/ICACITE53722.2022.9823810,probabilities
10.1109/ICACITE53722.2022.9823810,regression
10.1109/ICACITE53722.2022.9823810,Security
10.1109/ICACITE53722.2022.9823810,statistics
10.1109/ICACITE53722.2022.9823810,supervised learning
10.1145/3478432.3499118,co-design
10.1145/3478432.3499118,csdl
10.1145/3478432.3499118,middle school
10.1145/3478432.3499118,professional learning
10.1145/3478432.3499118,rpp
10.1145/3488042.3490170,button
10.1145/3488042.3490170,computer science education
10.1145/3488042.3490170,contextualization
10.1145/3488042.3490170,graphical user interface
10.1145/3488042.3490170,programming education
10.1109/ICISCoIS56541.2023.10100563,ANN
10.1109/ICISCoIS56541.2023.10100563,Autoencoder
10.1109/ICISCoIS56541.2023.10100563,CNN
10.1109/ICISCoIS56541.2023.10100563,Dimensionality Reduction
10.1109/ICISCoIS56541.2023.10100563,Facial Emotion Recognition
10.1145/3605468.3609756,block-based scaffolding
10.1145/3605468.3609756,multiple entry points
10.1145/3605468.3609756,Scratch
10.1145/3605468.3609756,UDL
10.1145/3610969.3611134,Computer Science education
10.1145/3610969.3611134,digital skills
10.1145/3610969.3611134,micro-credentials
10.1145/3610969.3611134,micro-provisions
,AI Ethics
,Deep Learning
,Design Principles
,Information Security
,Synthetic Image Data
10.1145/3545947.3576241,cs1
10.1145/3545947.3576241,grade distribution
10.1145/3545947.3576241,logistic regression
10.1145/3545947.3576241,ordinal data
10.1109/WI-IAT59888.2023.00101,Digital Natives
10.1109/WI-IAT59888.2023.00101,Extracurricular Learning
10.1109/WI-IAT59888.2023.00101,GIGA Initiative
10.1109/WI-IAT59888.2023.00101,ICT Education
10.1109/WI-IAT59888.2023.00101,Smartphone Applications
,capstone course
,Covid-19
,DC regulated power supply
,engineering design process
,engineering technology
10.1109/ICCIT55355.2022.10118868,Dataset
10.1109/ICCIT55355.2022.10118868,Document
10.1109/ICCIT55355.2022.10118868,Method
10.1109/ICCIT55355.2022.10118868,Summarization
10.1109/ICCIT55355.2022.10118868,Technologies
10.1109/ICCIT55355.2022.10118868,Text Summarization
10.1109/ICEEI59426.2023.10346938,Active learning
10.1109/ICEEI59426.2023.10346938,Cognitive load
10.1109/ICEEI59426.2023.10346938,Flipped classroom
10.1109/ICEEI59426.2023.10346938,Teaching programming
10.1109/ICDSIC56987.2022.10075960,classification
10.1109/ICDSIC56987.2022.10075960,deep learning
10.1109/ICDSIC56987.2022.10075960,detection
10.1109/ICDSIC56987.2022.10075960,drones
10.1109/ICDSIC56987.2022.10075960,localization
10.1109/FIE56618.2022.9962393,Academic Database
10.1109/FIE56618.2022.9962393,Computer Science Education
10.1109/FIE56618.2022.9962393,Literature Review
10.4230/LIPIcs.FSTTCS.2022.3,chromatic memory
10.4230/LIPIcs.FSTTCS.2022.3,finite-memory strategies
10.4230/LIPIcs.FSTTCS.2022.3,parity automata
10.4230/LIPIcs.FSTTCS.2022.3,two-player games on graphs
10.4230/LIPIcs.FSTTCS.2022.3,ω-regularity
10.1145/3478431.3499422,academia-industry gap
10.1145/3478431.3499422,computer science education
10.1145/3478431.3499422,computing ecosystem literacy
10.1145/3478431.3499422,student-led undergraduate course
10.23919/MIPRO55190.2022.9803750,analytics
10.23919/MIPRO55190.2022.9803750,framework
10.23919/MIPRO55190.2022.9803750,higher education
10.23919/MIPRO55190.2022.9803750,LA
10.23919/MIPRO55190.2022.9803750,learning
10.23919/MIPRO55190.2022.9803750,maturity
10.1145/3568813.3600144,analogical reasoning
10.1145/3568813.3600144,communication
10.1145/3568813.3600144,computing education
10.1145/3568813.3600144,engagement
10.1145/3568813.3600144,guided interview
10.1145/3568813.3600144,internet culture
10.1145/3568813.3600144,learning tool
10.1145/3568813.3600144,memes
10.1145/3568813.3600144,mental models
10.1145/3568813.3600144,popular culture
10.1145/3568813.3600144,understanding
10.1145/3617650.3624941,certified CS teachers
10.1145/3617650.3624941,CS certification process
10.1145/3617650.3624941,CS teacher shortage
10.1145/3617650.3624941,secondary school CS enrollment
10.1109/ICALT52272.2021.00126,Augmented reality
10.1109/ICALT52272.2021.00126,Collaborative problem solving
10.1109/ICALT52272.2021.00126,Hidden Markov model
10.1109/ICALT52272.2021.00126,Multimodal learning analytics
10.1088/1742-6596/1881/3/032017,Corner Feature
10.1088/1742-6596/1881/3/032017,Electronic Image
10.1088/1742-6596/1881/3/032017,Feature Point
10.1088/1742-6596/1881/3/032017,Image Stitching
10.1088/1742-6596/1881/3/032017,SIFT
10.1117/12.2631276,convolution kernels
10.1117/12.2631276,image super-resolution
10.1117/12.2631276,SRGAN
10.1145/3528137.3528161,1. Big Data
10.1145/3528137.3528161,2. Recommender system
10.1145/3528137.3528161,3. Scientific concepts
10.1145/3528137.3528161,4. Conceptual learning
10.1145/3528137.3528161,5. Understanding of X-transformation
10.1145/3528137.3528161,6. Personalized Learning
,Compliance
,GDPR
,Open-Source
,Privacy
,Software Development
,Software Reuse
,Academic performance
,Behavior
,Computer-Supported Collaborative Learning
,Content analysis
,Pandemic
10.1109/IPDPSW55747.2022.00067,Debugging
10.1109/IPDPSW55747.2022.00067,High Performance Computing
10.1109/IPDPSW55747.2022.00067,Message Passing
10.1109/IPDPSW55747.2022.00067,Parallelism
10.1109/IPDPSW55747.2022.00067,Workforce Development
,Automated Reasoning
,Non-classical Logics
,TPTP World
10.1109/ICCMC51019.2021.9418043,Arduino Uno
10.1109/ICCMC51019.2021.9418043,Bill generation
10.1109/ICCMC51019.2021.9418043,html
10.1109/ICCMC51019.2021.9418043,mysql
10.1109/ICCMC51019.2021.9418043,php
10.1109/ICCMC51019.2021.9418043,Stock monitoring
10.1109/ICCMC51019.2021.9418043,Website development
10.1145/3511861.3511866,Code quality
10.1145/3511861.3511866,Code style
10.1145/3511861.3511866,Computing education
10.1145/3511861.3511866,K12
10.1145/3511861.3511866,Programming
10.1145/3511861.3511866,Qualitative study
10.1145/3478431.3499394,computer systems
10.1145/3478431.3499394,counternarratives
10.1145/3478431.3499394,ethics
10.1109/ICCC51557.2021.9454611,location science
10.1109/ICCC51557.2021.9454611,PSO algorithm
10.1109/ICCC51557.2021.9454611,rescue service system
10.1109/ICCC51557.2021.9454611,uniformly deployed set
,CERT-RMM
,CMMI
,CMMI with Scrum
,cyber security
,DevOps
,European e-Competence Framework (e-CF)
,industry standards
,IT programs
,process-oriented models
,project-oriented learning
,quality assurance
,Software engineering education
,software methodologies
,software models
,TMMI
10.1145/3442188.3445874,Computer science
10.1145/3442188.3445874,Diversity
10.1145/3442188.3445874,Gender
10.1145/3442188.3445874,Gender representation
10.1145/3442188.3445874,Publishing
10.1145/3442188.3445874,Research
10.1145/3442188.3445874,Sex equality
10.1145/3519391.3519414,cognitive science
10.1145/3519391.3519414,experiential integration
10.1145/3519391.3519414,human augmentation
10.1145/3519391.3519414,human-computer integration
10.1145/3519391.3519414,phenomenology
10.1145/3519391.3519414,sense of self
10.1109/ISIE51358.2023.10228110,Permanent Magnet Synchronous Motor
10.1109/ISIE51358.2023.10228110,Recurrent Radial Basis Neural Network
10.1109/ISIE51358.2023.10228110,Speed Overshoot Reduction
10.1109/SMC53654.2022.9945585,Graph Neural Network
10.1109/SMC53654.2022.9945585,Hierarchical Reinforcement Learning
10.1109/SMC53654.2022.9945585,Job Shop Scheduling Problem
10.1149/10701.6789ecst,BCI
10.1149/10701.6789ecst,Deep Neural Network (DNN)
10.1149/10701.6789ecst,Electroencephalography (EEG)
10.1149/10701.6789ecst,Motor Imagery
10.1145/3605468.3609759,co-curricular
10.1145/3605468.3609759,Computing education
10.1145/3605468.3609759,curriculum design
10.1145/3605468.3609759,curriculum development
10.1145/3605468.3609759,elementary
10.1145/3605468.3609759,integration
10.1145/3605468.3609759,interdisciplinary
10.1145/3605468.3609759,K-5
10.1145/3605468.3609759,learning
10.1145/3605468.3609759,practices
10.1145/3605468.3609759,primary
,affective computing
,EEG
,Human-robot interaction
,wireless sensor networks
10.1109/ICCMC51019.2021.9418297,Cosine Similarity
10.1109/ICCMC51019.2021.9418297,Dice Co-efficient
10.1109/ICCMC51019.2021.9418297,Jaccard's Similarity
10.1109/ICCMC51019.2021.9418297,Text Summarization
10.5194/isprs-Archives-XLVIII-M-2-2023-379-2023,Azulejo
10.5194/isprs-Archives-XLVIII-M-2-2023-379-2023,Cataloguing
10.5194/isprs-Archives-XLVIII-M-2-2023-379-2023,Digital Art History
10.5194/isprs-Archives-XLVIII-M-2-2023-379-2023,Patterns
10.5194/isprs-Archives-XLVIII-M-2-2023-379-2023,Tiles
10.5194/isprs-Archives-XLVIII-M-2-2023-379-2023,VGG Image Search Engine
10.5194/isprs-Archives-XLVIII-M-2-2023-379-2023,VISE
10.5194/isprs-Archives-XLVIII-M-2-2023-379-2023,Visual Image Search
10.1109/ICEKIM55072.2022.00026,flipped classroom
10.1109/ICEKIM55072.2022.00026,gold tax
10.1109/ICEKIM55072.2022.00026,high-quality offline open courses
10.1109/ICEKIM55072.2022.00026,Operating System
10.1109/ICEKIM55072.2022.00026,teaching reform
10.1145/3627341.3627343,deformable attention
10.1145/3627341.3627343,Nucleus segmentation
10.1145/3627341.3627343,U-Net
10.1145/3529372.3530939,Altmetrics
10.1145/3529372.3530939,Citation Count
10.1145/3529372.3530939,Computer Science
10.1145/3529372.3530939,Research Impact
10.1109/CISS50987.2021.9400243,Computer vision
10.1109/CISS50987.2021.9400243,Deep learning
10.1109/CISS50987.2021.9400243,Natural gradient methods
10.1109/CISS50987.2021.9400243,Second-order methods
10.1109/CISS50987.2021.9400243,SPSA
10.1109/CISS50987.2021.9400243,Stochastic optimization
10.1016/j.ifacol.2022.07.266,Area coverage
10.1016/j.ifacol.2022.07.266,Cooperative control
10.1016/j.ifacol.2022.07.266,Multi-Agent systems
10.1109/EDUCON52537.2022.9766599,Computer Science
10.1109/EDUCON52537.2022.9766599,In-service teachers
10.1109/EDUCON52537.2022.9766599,K-12
10.1109/EDUCON52537.2022.9766599,Literature mapping
10.1109/EDUCON52537.2022.9766599,Professional Development
,Automation
,Autonomous vehicles
,Behavioural science
,Computer Vision
,Control systems
,Facial recognition
,Human Factors
,Human-centred computing
,Human-Vehicle Interactions
,Image processing
,Machine Learning
,Model design
,Posture analysis
,Self-driving cars
,Sensor devices
,Transportation
,User centred design
,User models
10.1109/EDUCON46332.2021.9453910,Computer Science Education
10.1109/EDUCON46332.2021.9453910,Computing Education
10.1109/EDUCON46332.2021.9453910,CS2
10.1109/EDUCON46332.2021.9453910,Educational Design
10.1109/EDUCON46332.2021.9453910,Higher Education
10.1109/EDUCON46332.2021.9453910,Online Learning
10.1109/EDUCON46332.2021.9453910,Remote Learning
10.1109/EDUCON46332.2021.9453910,Study Behavior
10.1109/EDUCON46332.2021.9453910,Study Environments
10.1145/3578338.3593525,deanonymization
10.1145/3578338.3593525,differential privacy
10.1145/3578338.3593525,peer review
10.1145/3578338.3593525,traffic analysis
,education
,learning
,learning lives
,platformization
10.1109/WSCE59557.2023.10365961,Algorithm
10.1109/WSCE59557.2023.10365961,Augmented reality
10.1109/WSCE59557.2023.10365961,Depth images
10.1109/WSCE59557.2023.10365961,Force Feedback
10.1109/WSCE59557.2023.10365961,Haptic display
10.1109/WSCE59557.2023.10365961,Haptic Interfaces
10.1109/WSCE59557.2023.10365961,Haptic perception
10.1109/WSCE59557.2023.10365961,Tactile feedback
10.1109/WSCE59557.2023.10365961,Tactile Internet
10.1109/WSCE59557.2023.10365961,Tele-haptics
10.1109/WSCE59557.2023.10365961,Virtual Interaction
10.1109/WSCE59557.2023.10365961,Virtual reality
10.1109/WSCE59557.2023.10365961,Virtual shapes
10.1109/EDUCON52537.2022.9766757,online
10.1109/EDUCON52537.2022.9766757,problem-based learning
10.1109/EDUCON52537.2022.9766757,programming
10.1109/EDUCON52537.2022.9766757,project-based learning
10.1109/EDUCON52537.2022.9766757,web technologies
10.1109/WI-IAT59888.2023.00071,data mining
10.1109/WI-IAT59888.2023.00071,machine learning techniques
10.1109/WI-IAT59888.2023.00071,students' academic performance
10.1109/WI-IAT59888.2023.00071,systematic review
10.1145/3545945.3569862,automated assessment
10.1145/3545945.3569862,cybersecurity
10.1145/3545945.3569862,distance learning
10.1145/3545945.3569862,learning platform
10.1109/EDM55285.2022.9855102,connectivity analysis
10.1109/EDM55285.2022.9855102,electroencephalography processing
10.1109/EDM55285.2022.9855102,functional magnetic resonance imaging
10.1109/EDM55285.2022.9855102,machine learning
10.1109/EDM55285.2022.9855102,resting-state functional networks
10.1145/3464327.3464349,citizen science
10.1145/3464327.3464349,game design
10.1145/3464327.3464349,game development
10.1145/3464327.3464349,game jams
10.1145/3464327.3464349,games
10.1145/3464327.3464349,quantum physics
10.1145/3464327.3464349,science games
,computing
,diversity
,mentoring
,qualitative analysis
,undergraduate research
10.1109/IEIT53597.2021.00115,College Physical Education Teaching
10.1109/IEIT53597.2021.00115,Computer
10.1109/IEIT53597.2021.00115,Virtual Reality Technology
10.1109/ICDI57181.2022.10007172,constraints
10.1109/ICDI57181.2022.10007172,heuristic orderings
10.1109/ICDI57181.2022.10007172,perturbation
10.1109/ICDI57181.2022.10007172,university course timetabling problem
10.1145/3631802.3631810,computing education
10.1145/3631802.3631810,method
10.1145/3631802.3631810,pedagogy
10.1145/3631802.3631810,research
10.1145/3631802.3631810,theoretical construct
10.1145/3631802.3631810,theory
10.1109/SEENG53126.2021.00010,academia-industry cooperation
10.1109/SEENG53126.2021.00010,embedded software
10.1109/SEENG53126.2021.00010,fault-injection
10.1109/SEENG53126.2021.00010,gamification
10.1109/SEENG53126.2021.00010,safety-critical systems
10.1109/SEENG53126.2021.00010,software testing education
10.1109/SEENG53126.2021.00010,student engagement
10.1109/CSEI51395.2021.9477745,combination of primitives
10.1109/CSEI51395.2021.9477745,Experimental schematic
10.1109/CSEI51395.2021.9477745,GDI + technology
10.1109/CSEI51395.2021.9477745,Graphics generation
10.1109/CSEI51395.2021.9477745,Primitive library
10.1145/3433210.3437529,adversarial detection
10.1145/3433210.3437529,adversarial example
10.1145/3433210.3437529,image classification
10.1109/ICDSCA56264.2022.9988175,artificial intelligence
10.1109/ICDSCA56264.2022.9988175,computer
10.1109/ICDSCA56264.2022.9988175,multimedia database
10.1109/ICDSCA56264.2022.9988175,production technology
10.1109/ICDSCA56264.2022.9988175,three-dimensional animation
10.1109/ICDSCA56264.2022.9988175,virtual reality technology
10.15388/ioi.2022.05,learning programming
10.15388/ioi.2022.05,MOOC
10.15388/ioi.2022.05,outreach to school
10.15388/ioi.2022.05,processing
10.15388/ioi.2022.05,workshops
10.1145/3556787.3556863,competition
10.1145/3556787.3556863,computer science for all
10.1145/3556787.3556863,digital teaching
10.1145/3556787.3556863,e-learning
10.1145/3556787.3556863,education
10.1145/3556787.3556863,microlearning
10.1145/3556787.3556863,students
10.1109/ACCTCS53867.2022.00065,High frequency small signal
10.1109/ACCTCS53867.2022.00065,LC resonant circuit
10.1109/ACCTCS53867.2022.00065,Multisim10
10.1109/ACCTCS53867.2022.00065,Power amplification
10.1109/ICKECS56523.2022.10060542,Compose System
10.1109/ICKECS56523.2022.10060542,Deep learning
10.1109/ICKECS56523.2022.10060542,Music score recognition
,Design Science Research
,Green Information Systems
,Sustainable Human Computer Interaction
,Sustainable User Behavior
10.1145/3569173.3569177,Active Learning
10.1145/3569173.3569177,Computers and Society
10.1145/3569173.3569177,Computing and the Environment
10.1145/3458817.3476176,Data-Centric
10.1145/3458817.3476176,High Performance Computing
10.1145/3458817.3476176,NumPy
10.1145/3458817.3476176,Python
10.1145/3613424.3614306,bioinformatics
10.1145/3613424.3614306,edit-distance
10.1145/3613424.3614306,genomics
10.1145/3613424.3614306,hardware acceleration
10.1145/3613424.3614306,ISA extensions
10.1145/3613424.3614306,microarchitecture
10.1145/3613424.3614306,sequence alignment
10.1145/3491140.3528268,lecturer presence
10.1145/3491140.3528268,production styles
10.1145/3491140.3528268,video instruction
10.1145/3491140.3528268,YouTube explainer video
10.1109/EDUNINE51952.2021.9429108,Active Learning
10.1109/EDUNINE51952.2021.9429108,Computer Science
10.1109/EDUNINE51952.2021.9429108,CS
10.1109/EDUNINE51952.2021.9429108,gamification
10.1109/ICCSE51940.2021.9569362,Active learning strategy
10.1109/ICCSE51940.2021.9569362,Curricula model
10.1109/ICCSE51940.2021.9569362,Data analytics
10.1109/ICCSE51940.2021.9569362,Python language
10.1145/3481312.3481325,female students
10.1145/3481312.3481325,habitual orientations
10.1145/3481312.3481325,teacher self-perception
10.1145/3481312.3481325,teacher-student interaction
10.1145/3481312.3481325,teacher-student relationship
10.1145/3408877.3432482,covid-19
10.1145/3408877.3432482,elementary teachers
10.1145/3408877.3432482,integrating computational thinking
10.1145/3408877.3432482,teacher professional development
10.1145/3408877.3432482,virtual engagement
10.1109/GEICSE59319.2023.00006,Computer Science
10.1109/GEICSE59319.2023.00006,Diversity
10.1109/GEICSE59319.2023.00006,Inclusion
10.1109/GEICSE59319.2023.00006,Intersectionality
10.1109/GEICSE59319.2023.00006,Systematic Literature Review
10.1145/3484272.3484966,computer science education
10.1145/3484272.3484966,online office hours
10.1145/3564721.3565950,Assessment
10.1145/3564721.3565950,item difficulty
10.1145/3564721.3565950,item generation
10.1145/3564721.3565950,program tracing
10.23919/MIPRO57284.2023.10159810,big data transfer
10.23919/MIPRO57284.2023.10159810,DTN (Data Transfer Node)
10.23919/MIPRO57284.2023.10159810,orchestration of data streams
10.23919/MIPRO57284.2023.10159810,Science DMZ (Demilitarized Zone)
10.1016/j.procs.2022.10.006,artificial intelligence network
10.1016/j.procs.2022.10.006,automobile fault diagnosis
10.1016/j.procs.2022.10.006,Intelligent diagnosis
10.1016/j.procs.2022.10.006,the neural network
10.1145/3633053.3633064,CS1
10.1145/3633053.3633064,model-based pedagogy
10.1145/3633053.3633064,notional machine
10.1145/3633053.3633064,POGIL
10.1109/VL/HCC51201.2021.9576317,computer science education
10.1109/VL/HCC51201.2021.9576317,educational technology
10.1109/VL/HCC51201.2021.9576317,sorting algorithms
10.1109/VL/HCC51201.2021.9576317,STEM education
10.1109/VL/HCC51201.2021.9576317,virtual reality
10.5821/conference-9788412322262.1394,computational thinking
10.5821/conference-9788412322262.1394,mathematics
10.5821/conference-9788412322262.1394,Programming
10.5821/conference-9788412322262.1394,secondary education
10.5821/conference-9788412322262.1394,task analysis
,college teaching
,data science
,educational assessment
,engineering design
,microcontrollers
,pedagogies
,project-based learning
,software design
10.1109/ICMNWC56175.2022.10032006,internet age
10.1109/ICMNWC56175.2022.10032006,multi-factor authentication
10.1109/ICMNWC56175.2022.10032006,multi-factor authentication protocol
10.1109/ICMNWC56175.2022.10032006,security protection
10.1145/3627341.3627343,deformable attention
10.1145/3627341.3627343,Nucleus segmentation
10.1145/3627341.3627343,U-Net
,Complex Systems Understanding
,Education
,Human Swarm Interaction
10.1109/ICCCI54379.2022.9740908,Cyber Security
10.1109/ICCCI54379.2022.9740908,HDFS
10.1109/ICCCI54379.2022.9740908,Intrusion Detection System
10.1109/ICCCI54379.2022.9740908,Machine Learning
10.1109/IPEC51340.2021.9421238,Basic programming
10.1109/IPEC51340.2021.9421238,Coding ability
10.1109/IPEC51340.2021.9421238,EduCoder
10.1109/IPEC51340.2021.9421238,Programming practice case
10.1109/WINCOM55661.2022.9966455,Federated averaging
10.1109/WINCOM55661.2022.9966455,Federated learning
10.1109/WINCOM55661.2022.9966455,Internet of Things
10.1109/WINCOM55661.2022.9966455,Ma-chine learning systems
10.1109/WINCOM55661.2022.9966455,Water distribution networks
10.1117/12.2628685,3D imaging
10.1117/12.2628685,High dynamic range
10.1117/12.2628685,Shiny surface
10.1117/12.2628685,Structured light
10.1109/CVIDLICCEA56201.2022.9824408,attention mechanism
10.1109/CVIDLICCEA56201.2022.9824408,BERT model
10.1109/CVIDLICCEA56201.2022.9824408,Question answering system
10.1109/INDIN51400.2023.10218082,Car-tailored workflow engine
10.1109/INDIN51400.2023.10218082,Control and testing
10.1109/INDIN51400.2023.10218082,Executing BPMN
10.1109/INDIN51400.2023.10218082,Service-oriented vehicle diagnostics
10.1109/INDIN51400.2023.10218082,Software-defined car
10.1145/3545945.3569799,access
10.1145/3545945.3569799,capacity
10.1145/3545945.3569799,cape
10.1145/3545945.3569799,education
10.1145/3545945.3569799,equity
10.1145/3545945.3569799,experience
10.1145/3545945.3569799,k-12
10.1145/3545945.3569799,participation
10.1145/3545945.3569799,primary
10.1145/3545945.3569799,secondary
10.1145/3545945.3569799,subcomponents
10.1145/3539637.3557055,Brain-Computer Interfaces
10.1145/3539637.3557055,EEG
10.1145/3539637.3557055,emotions
10.1145/3539637.3557055,Eye Tracking
10.1145/3539637.3557055,Human-Computer interaction
10.23919/ICACT53585.2022.9728907,border
10.23919/ICACT53585.2022.9728907,Distribution theory
10.23919/ICACT53585.2022.9728907,Domain recognition
10.23919/ICACT53585.2022.9728907,Transmission theory
10.1145/3478432.3499041,clinical interview
10.1145/3478432.3499041,computational thinking
10.1145/3478432.3499041,intermediate students
10.1145/3478432.3499041,learning theory
10.1145/3478432.3499041,threshold concepts
10.1109/TALE56641.2023.10398243,computer science
10.1109/TALE56641.2023.10398243,education
10.1109/TALE56641.2023.10398243,New Zealand
10.1109/TALE56641.2023.10398243,professional development
10.1145/3449726.3459448,coevolution
10.1145/3449726.3459448,generative adversarial networks
10.1145/3449726.3459448,neuroevolution
10.1145/3582700.3582729,Assistive Tech
10.1145/3582700.3582729,Augmented Body
10.1145/3582700.3582729,Augmented Human
10.1145/3582700.3582729,Human Computer Integration
,Intellectual Property
,Knowledge Graph
,Patent Domain
10.4230/LIPIcs.ESA.2023.98,deterministic algorithm
10.4230/LIPIcs.ESA.2023.98,knapsack problem
10.4230/LIPIcs.ESA.2023.98,Submodular maximization
10.1109/NER52421.2023.10123767,Embedding
10.1109/NER52421.2023.10123767,Representation Learning
10.1109/NER52421.2023.10123767,Self-supervised learning
10.1109/NER52421.2023.10123767,Transfer Learning
10.4230/LIPIcs.MFCS.2023.73,descriptive complexity
10.4230/LIPIcs.MFCS.2023.73,finite model theory
10.4230/LIPIcs.MFCS.2023.73,graph isomorphism
10.4230/LIPIcs.MFCS.2023.73,logic in computer science
10.4230/LIPIcs.MFCS.2023.73,symmetric circuits
10.4230/LIPIcs.MFCS.2023.73,symmetric computation
10.1088/1742-6596/1881/3/032023,Big Data Environment
10.1088/1742-6596/1881/3/032023,Computer Audit
10.1088/1742-6596/1881/3/032023,Database Construction
10.1088/1742-6596/1881/3/032023,Database Encryption
10.1109/INFOTEH57020.2023.10094123,algorithm
10.1109/INFOTEH57020.2023.10094123,computer science
10.1109/INFOTEH57020.2023.10094123,human resources
10.23919/SpliTech58164.2023.10193666,Consumer
10.23919/SpliTech58164.2023.10193666,Digital anthropology
10.23919/SpliTech58164.2023.10193666,Digitalisation
10.23919/SpliTech58164.2023.10193666,Domestication
10.23919/SpliTech58164.2023.10193666,Innovation adoption
10.23919/SpliTech58164.2023.10193666,IoT
10.23919/SpliTech58164.2023.10193666,Social practice
10.23919/SpliTech58164.2023.10193666,Time use
10.1109/ICACTA58201.2023.10392819,A
10.1109/ICACTA58201.2023.10392819,algorithms
10.1109/ICACTA58201.2023.10392819,bidirectional
10.1109/ICACTA58201.2023.10392819,Breadth-first-search
10.1109/ICACTA58201.2023.10392819,Depth-first-search
10.1109/ICACTA58201.2023.10392819,Dijkstra's
10.1109/ICACTA58201.2023.10392819,interactive
10.1109/ICACTA58201.2023.10392819,pathfinding algorithms
10.1109/ICACTA58201.2023.10392819,pathing
10.1109/ICACTA58201.2023.10392819,shortest path
10.1109/ICACTA58201.2023.10392819,tool
10.1109/ICACTA58201.2023.10392819,transportation
10.1109/ICACTA58201.2023.10392819,visualization
10.1145/3500931.3500932,cognitive neuroscience
10.1145/3500931.3500932,Hybrid EEG-fNIRs system
10.1145/3500931.3500932,Monitoring brain activity
10.1109/ICET55642.2022.9944421,ACM/ICPC
10.1109/ICET55642.2022.9944421,automatic scoring
10.1109/ICET55642.2022.9944421,C++
10.1109/ICET55642.2022.9944421,paperless examination
10.1109/ICET55642.2022.9944421,teaching innovation
10.1145/3585059.3611447,Artificial Intelligence
10.1145/3585059.3611447,ChatGPT
10.1145/3585059.3611447,Ethical Practices in IT Education
10.1145/3585059.3611447,Job Transformation
10.1145/3585059.3611447,Student Attitudes
10.1145/3593663.3593693,computational thinking
10.1145/3593663.3593693,CS education
10.1145/3593663.3593693,haptic learning material
10.1145/3593663.3593693,programming education
10.1145/3593663.3593693,student entry phase
10.1145/3545945.3569833,communities of practice
10.1145/3545945.3569833,computing education
10.1145/3545945.3569833,informal learning
10.1145/3545945.3569833,video games
10.1145/3478432.3499122,computer-based testing
10.1145/3478432.3499122,mastery learning
10.1145/3478431.3499380,departmental culture
10.1145/3478431.3499380,"diversity, equity, and inclusion"
10.1145/3478431.3499380,faculty adoption
10.1145/3478431.3499380,instructor-centered teaching
10.1145/3478431.3499380,lecturing
10.1145/3478431.3499380,student-centered teaching
10.1145/3465631.3465858,Artificial Intelligence
10.1145/3465631.3465858,Computer Science
10.1145/3465631.3465858,Education Reform
10.1145/3447786.3456262,Cloud computing
10.1145/3447786.3456262,Performance evaluation
10.1145/3447786.3456262,Workload analysis
10.4230/LIPIcs.STACS.2023.7,degree interval
10.4230/LIPIcs.STACS.2023.7,degree sequence
10.4230/LIPIcs.STACS.2023.7,graph sampling
10.4230/LIPIcs.STACS.2023.7,Markov Chain Monte Carlo method
10.4230/LIPIcs.STACS.2023.7,switch Markov chain
,analysis
,attendance
,Digital technology
,information technology
,museum industry
,popularity
,statistics
,virtual exhibitions
,virtual expositions
10.1109/CSDE56538.2022.10089256,Computer Science
10.1109/CSDE56538.2022.10089256,creativity support tools
10.1109/CSDE56538.2022.10089256,Data Engineering
10.1109/CSDE56538.2022.10089256,Data Science
10.1109/CSDE56538.2022.10089256,Machine Learning
,Artificial intelligence
,Block chain
,Decentralized blocks
,Digital twin creation
,Hash function and cloud servers
,IoT
,Smart contracts
,taxonomy
10.1109/ICAISC58445.2023.10199361,DIALux
10.1109/ICAISC58445.2023.10199361,facility maintenance
10.1109/ICAISC58445.2023.10199361,PSO-SVM
10.1109/ICAISC58445.2023.10199361,sports equipment
10.1145/3502718.3524790,computational thinking
10.1145/3502718.3524790,cs attitudes
10.1145/3502718.3524790,gender
10.1145/3502718.3524790,international study
10.1109/SMART55829.2022.10047687,image recognition
10.1109/SMART55829.2022.10047687,Industrial automation
10.1109/SMART55829.2022.10047687,reinforcement learning
10.1145/3551708.3551782,1. Non-CS Majors
10.1145/3551708.3551782,2. Conceptual Learning
10.1145/3551708.3551782,3. Computer Science
10.1145/3551708.3551782,4. Introductory Courses
10.1145/3551708.3551782,5. Learning Environments
10.1145/3551708.3551782,6. Student Understanding
10.1145/3491102.3517502,Artificial Intelligence
10.1145/3491102.3517502,Smart City
10.1145/3491102.3517502,Sociology
10.1145/3491102.3517502,Urban Sciences
10.1145/3573381.3596163,human-computer interaction
10.1145/3573381.3596163,information credibility
10.1145/3573381.3596163,qualitative analysis
10.1145/3573381.3596163,science and knowledge communication
10.1145/3573381.3596163,social media
10.1145/3573381.3596163,video analysis
10.1145/3573381.3596163,YouTube
,Analog-1
,ARCHES
,human-robotic cooperation
,METERON
,Teleoperation
10.1109/SANER56733.2023.00104,Algorand
10.1109/SANER56733.2023.00104,BERT
10.1109/SANER56733.2023.00104,Blockchain
10.1109/SANER56733.2023.00104,Blockchain Topics
10.1109/SANER56733.2023.00104,Ethereum
10.1109/SANER56733.2023.00104,Hyper-ledger
10.1109/SANER56733.2023.00104,Reddit
10.1109/SANER56733.2023.00104,Smart Contract
10.1109/SANER56733.2023.00104,Topic Modeling
10.1109/CogSIMA54611.2022.9830679,argumentation
10.1109/CogSIMA54611.2022.9830679,identity
10.1109/CogSIMA54611.2022.9830679,information
10.1109/CogSIMA54611.2022.9830679,Semantic Web
10.1109/CogSIMA54611.2022.9830679,situation theory
10.1145/3478432.3499228,broadening participation
10.1145/3478432.3499228,diversity
10.1145/3478432.3499228,leadership
10.1109/ICDMW58026.2022.00072,attention mechanism
10.1109/ICDMW58026.2022.00072,image segmentation
10.1109/ICDMW58026.2022.00072,industry 4.0
10.1109/ICDMW58026.2022.00072,predictive maintenance
10.1109/ICDMW58026.2022.00072,utility pattern mining
10.1145/3459637.3482490,graph neural networks
10.1145/3459637.3482490,paper-publication prediction
10.1145/3459637.3482490,text mining
,Computer programming
,Inquiry-based learning
,Integrated STEM
,Learning science
10.21427/5F0D-8J34,Bachelor's thesis
10.21427/5F0D-8J34,seminar work
10.21427/5F0D-8J34,thesis supervision
10.1109/ICACCS51430.2021.9441679,Consensus
10.1109/ICACCS51430.2021.9441679,Distributed System
10.1109/ICACCS51430.2021.9441679,Key-Value Store
10.1109/ICACCS51430.2021.9441679,Raft
10.1109/ICACCS51430.2021.9441679,RPC
10.1145/3447786.3456262,Cloud computing
10.1145/3447786.3456262,Performance evaluation
10.1145/3447786.3456262,Workload analysis
10.1109/EDUCON52537.2022.9766570,Block-typed
10.1109/EDUCON52537.2022.9766570,Computational Thinking
10.1109/EDUCON52537.2022.9766570,Computer Science Education
10.1109/EDUCON52537.2022.9766570,Information Design
10.1109/EDUCON52537.2022.9766570,K-12 Education
10.1109/EDUCON52537.2022.9766570,Pictogram
10.1109/EDUCON52537.2022.9766570,Programming
10.1145/3568813.3600123,applicant tracking system
10.1145/3568813.3600123,automated hiring
10.1145/3568813.3600123,job application
10.1145/3568813.3600123,student
10.1145/3437359.3465606,Ask.CI
10.1145/3437359.3465606,Campus Champions
10.1145/3437359.3465606,CAREERS Cyberteam
10.1145/3437359.3465606,Cnct.CI
10.1145/3437359.3465606,GPN Cyberteam
10.1145/3437359.3465606,KY Cyberteam
10.1145/3437359.3465606,Northeast Cyberteam
10.1145/3437359.3465606,research computing facilitator
10.1145/3437359.3465606,RMACC
10.1145/3437359.3465606,SWEETER Cyberteam
10.1145/3437359.3465606,workforce development
10.1145/3594315.3594373,Computing methodologies
10.1145/3594315.3594373,Machine learning
10.1109/ICCCS52626.2021.9449231,better reply
10.1109/ICCCS52626.2021.9449231,game theory
10.1109/ICCCS52626.2021.9449231,MEC
10.1002/sdtp.16350,Dicom images
10.1002/sdtp.16350,three-dimensional reconstruction
10.1002/sdtp.16350,VTK
10.1109/CTISC52352.2021.00072,computer vision
10.1109/CTISC52352.2021.00072,CRIMINISI
10.1109/CTISC52352.2021.00072,image inpainting
10.1109/QCE57702.2023.00065,Ion Trap Quantum Computers
10.1109/QCE57702.2023.00065,Quantum Computing
10.1109/QCE57702.2023.00065,Quantum Hardware Comparison
10.1109/QCE57702.2023.00065,Superconducting Quantum Computers
10.1109/QCE57702.2023.00065,Variational Quantum Eigensolver
10.1145/3594441.3594462,Android
10.1145/3594441.3594462,Attendance Monitoring
10.1145/3594441.3594462,ISO 9126
10.1145/3594441.3594462,QR Code
10.1145/3594441.3594462,Tethering
10.1109/ISEC57711.2023.10402224,Careers
10.1109/ISEC57711.2023.10402224,Computer Science Education
10.1109/ISEC57711.2023.10402224,Computing
10.1109/ISEC57711.2023.10402224,Expert Interviews
10.1109/ICESC57686.2023.10193497,Classification
10.1109/ICESC57686.2023.10193497,Deep Learning
10.1109/ICESC57686.2023.10193497,Disease detection
10.1109/ICESC57686.2023.10193497,Machine Learning
10.1109/ICESC57686.2023.10193497,Rice
,belonging
,computer science
,intersectionality
,neurodiversity
,research
10.1109/EDUCON52537.2022.9766514,computer science lecturers training
10.1109/EDUCON52537.2022.9766514,Design Thinking
10.1109/EDUCON52537.2022.9766514,digital teaching media production
10.1145/3535227.3535237,coding
10.1145/3535227.3535237,creativity
10.1145/3535227.3535237,design
10.1145/3535227.3535237,Drones
10.1145/3535227.3535237,K-12
10.1145/3535227.3535237,making
10.1145/3535227.3535237,Project-based learning
10.1117/12.2663017,AI for Science
10.1117/12.2663017,artificial intelligence
10.1117/12.2663017,digital image processing
10.1117/12.2663017,EB-scale big data
10.1117/12.2663017,high performance computing clusters and systems
10.1117/12.2663017,high-throughput
10.1117/12.2663017,multimodal imaging
10.1117/12.2663017,synchrotron radiation light source
10.1117/12.2663017,unified software framework
10.1109/ICIP49359.2023.10222106,Forensic science
10.1109/ICIP49359.2023.10222106,Human decay modeling
10.1109/ICIP49359.2023.10222106,Image classification
10.1109/ICIP49359.2023.10222106,Transfer learning
,Challenge-based learning
,Competency-based education
,Educational innovation
,Elective course
,Higher education
,Design
,end-user development
,interaction analysis
,visual artifact
,visual artifact analysis
10.1145/3408877.3439654,accessibility
10.1145/3408877.3439654,assignments
10.1145/3408877.3439654,diversity
10.1145/3408877.3439654,gender gap
10.1145/3408877.3439654,inclusion
,broadening participation
,enrollment growth
,external dynamics
,undergraduate computing
10.1145/3641399.3641445,Abstract Interpretation
10.1145/3641399.3641445,Formal Verification
10.1145/3641399.3641445,Neural Network Verification
10.5220/0011837000003470,21st Century Skills
10.5220/0011837000003470,Computational Thinking
10.5220/0011837000003470,Digital Education
10.5220/0011837000003470,STEM
10.1145/3617650.3624949,game-based learning
10.1145/3617650.3624949,learning by doing exercises
10.1145/3617650.3624949,Parsons problems
10.1145/3617650.3624949,programming
10.1145/3617650.3624949,reinforcement
10.1145/3617650.3624949,SQL gamification
10.1145/3617650.3624949,Wordle
10.1145/3486607.3486752,algorithms
10.1145/3486607.3486752,asymptotic analysis
10.1145/3486607.3486752,complexity
10.1145/3486607.3486752,computer science education
10.1145/3486607.3486752,energy
10.1145/3486607.3486752,profiling
10.1145/3486607.3486752,software engineering
